ISO-10303-21;
HEADER;
/* Generated by software containing ST-Developer
 * from STEP Tools, Inc. (www.steptools.com) 
 */

FILE_DESCRIPTION(
/* description */ (''),
/* implementation_level */ '2;1');

FILE_NAME(
/* name */ 'base top.step',
/* time_stamp */ '2026-08-16T21:11:41-05:00',
/* author */ (''),
/* organization */ (''),
/* preprocessor_version */ 'ST-DEVELOPER v20.1',
/* originating_system */ 'Autodesk Translation Framework v15.8.0.0',
/* authorisation */ '');

FILE_SCHEMA (('AUTOMOTIVE_DESIGN { 1 0 10303 214 3 1 1 }'));
ENDSEC;

DATA;
#10=MECHANICAL_DESIGN_GEOMETRIC_PRESENTATION_REPRESENTATION('',(#31,#32,
#33,#34,#35,#36,#37,#38,#39,#40,#41,#42,#43,#44,#45,#46,#47,#48,#49),#3750);
#11=SHAPE_REPRESENTATION_RELATIONSHIP('SRR','None',#3760,#12);
#12=ADVANCED_BREP_SHAPE_REPRESENTATION('',(#17),#3748);
#13=ITEM_DEFINED_TRANSFORMATION($,$,#2278,#2433);
#14=(
REPRESENTATION_RELATIONSHIP($,$,#3761,#3760)
REPRESENTATION_RELATIONSHIP_WITH_TRANSFORMATION(#13)
SHAPE_REPRESENTATION_RELATIONSHIP()
);
#15=CONTEXT_DEPENDENT_SHAPE_REPRESENTATION(#14,#3759);
#16=NEXT_ASSEMBLY_USAGE_OCCURRENCE('Component2:1','Component2:1',
'Component2:1',#3763,#3764,'Component2:1');
#17=MANIFOLD_SOLID_BREP('Body2',#30);
#18=FACE_BOUND('',#336,.T.);
#19=FACE_BOUND('',#337,.T.);
#20=FACE_BOUND('',#338,.T.);
#21=FACE_BOUND('',#339,.T.);
#22=FACE_BOUND('',#340,.T.);
#23=FACE_BOUND('',#341,.T.);
#24=FACE_BOUND('',#343,.T.);
#25=FACE_BOUND('',#344,.T.);
#26=FACE_BOUND('',#345,.T.);
#27=FACE_BOUND('',#346,.T.);
#28=FACE_BOUND('',#347,.T.);
#29=FACE_BOUND('',#348,.T.);
#30=CLOSED_SHELL('',(#2199,#2200,#2201,#2202,#2203,#2204,#2205,#2206,#2207,
#2208,#2209,#2210,#2211,#2212,#2213,#2214,#2215,#2216,#2217,#2218,#2219,
#2220,#2221,#2222,#2223,#2224,#2225,#2226,#2227,#2228));
#31=STYLED_ITEM('',(#3774),#2247);
#32=STYLED_ITEM('',(#3774),#2248);
#33=STYLED_ITEM('',(#3774),#2249);
#34=STYLED_ITEM('',(#3774),#2250);
#35=STYLED_ITEM('',(#3774),#2251);
#36=STYLED_ITEM('',(#3774),#2252);
#37=STYLED_ITEM('',(#3774),#2253);
#38=STYLED_ITEM('',(#3774),#2254);
#39=STYLED_ITEM('',(#3774),#2255);
#40=STYLED_ITEM('',(#3774),#2256);
#41=STYLED_ITEM('',(#3774),#2257);
#42=STYLED_ITEM('',(#3774),#2258);
#43=STYLED_ITEM('',(#3774),#2259);
#44=STYLED_ITEM('',(#3774),#2260);
#45=STYLED_ITEM('',(#3774),#2261);
#46=STYLED_ITEM('',(#3774),#2262);
#47=STYLED_ITEM('',(#3774),#2263);
#48=STYLED_ITEM('',(#3774),#2264);
#49=STYLED_ITEM('',(#3774),#17);
#50=CIRCLE('',#2281,2.35891230062241);
#51=CIRCLE('',#2282,2.35891230062241);
#52=CIRCLE('',#2308,2.08657055590429);
#53=CIRCLE('',#2309,2.08657055590429);
#54=CIRCLE('',#2311,0.628888394806338);
#55=CIRCLE('',#2312,0.628888394806338);
#56=CIRCLE('',#2314,1.16907307253618);
#57=CIRCLE('',#2315,1.16907307253618);
#58=CIRCLE('',#2317,0.72000769991461);
#59=CIRCLE('',#2318,0.72000769991461);
#60=CIRCLE('',#2320,1.04718272326939);
#61=CIRCLE('',#2321,1.04718272326939);
#62=CIRCLE('',#2323,1.02200903710852);
#63=CIRCLE('',#2324,1.02200903710852);
#64=CIRCLE('',#2326,0.768832085738713);
#65=CIRCLE('',#2327,0.768832085738713);
#66=CIRCLE('',#2329,0.74055902865242);
#67=CIRCLE('',#2330,0.74055902865242);
#68=CIRCLE('',#2332,0.717038932973334);
#69=CIRCLE('',#2333,0.717038932973334);
#70=CIRCLE('',#2335,0.571805424609533);
#71=CIRCLE('',#2336,0.571805424609533);
#72=CIRCLE('',#2338,0.315492993303002);
#73=CIRCLE('',#2339,0.315492993303002);
#74=CIRCLE('',#2341,0.557738809732244);
#75=CIRCLE('',#2342,0.557738809732244);
#76=CIRCLE('',#2344,0.89298650445458);
#77=CIRCLE('',#2345,0.89298650445458);
#78=CIRCLE('',#2347,0.31744018811799);
#79=CIRCLE('',#2348,0.31744018811799);
#80=CIRCLE('',#2366,1.76190896478505);
#81=CIRCLE('',#2367,1.76190896478505);
#82=CIRCLE('',#2371,1.31577491188085);
#83=CIRCLE('',#2372,1.31577491188085);
#84=CIRCLE('',#2374,1.28430215146064);
#85=CIRCLE('',#2375,1.28430215146064);
#86=CIRCLE('',#2377,0.673976399466323);
#87=CIRCLE('',#2378,0.673976399466323);
#88=CIRCLE('',#2380,0.882604074636652);
#89=CIRCLE('',#2381,0.882604074636652);
#90=CIRCLE('',#2398,0.254134696357902);
#91=CIRCLE('',#2399,0.254134696357902);
#92=CYLINDRICAL_SURFACE('',#2280,2.35891230062241);
#93=CYLINDRICAL_SURFACE('',#2307,2.08657055590429);
#94=CYLINDRICAL_SURFACE('',#2310,0.628888394806338);
#95=CYLINDRICAL_SURFACE('',#2313,1.16907307253618);
#96=CYLINDRICAL_SURFACE('',#2316,0.72000769991461);
#97=CYLINDRICAL_SURFACE('',#2319,1.04718272326939);
#98=CYLINDRICAL_SURFACE('',#2322,1.02200903710852);
#99=CYLINDRICAL_SURFACE('',#2325,0.768832085738713);
#100=CYLINDRICAL_SURFACE('',#2328,0.74055902865242);
#101=CYLINDRICAL_SURFACE('',#2331,0.717038932973334);
#102=CYLINDRICAL_SURFACE('',#2334,0.571805424609533);
#103=CYLINDRICAL_SURFACE('',#2337,0.315492993303002);
#104=CYLINDRICAL_SURFACE('',#2340,0.557738809732244);
#105=CYLINDRICAL_SURFACE('',#2343,0.89298650445458);
#106=CYLINDRICAL_SURFACE('',#2346,0.31744018811799);
#107=CYLINDRICAL_SURFACE('',#2365,1.76190896478505);
#108=CYLINDRICAL_SURFACE('',#2370,1.31577491188085);
#109=CYLINDRICAL_SURFACE('',#2373,1.28430215146064);
#110=CYLINDRICAL_SURFACE('',#2376,0.673976399466323);
#111=CYLINDRICAL_SURFACE('',#2379,0.882604074636652);
#112=CYLINDRICAL_SURFACE('',#2397,0.254134696357902);
#113=FACE_OUTER_BOUND('',#225,.T.);
#114=FACE_OUTER_BOUND('',#226,.T.);
#115=FACE_OUTER_BOUND('',#227,.T.);
#116=FACE_OUTER_BOUND('',#228,.T.);
#117=FACE_OUTER_BOUND('',#229,.T.);
#118=FACE_OUTER_BOUND('',#230,.T.);
#119=FACE_OUTER_BOUND('',#231,.T.);
#120=FACE_OUTER_BOUND('',#232,.T.);
#121=FACE_OUTER_BOUND('',#233,.T.);
#122=FACE_OUTER_BOUND('',#234,.T.);
#123=FACE_OUTER_BOUND('',#235,.T.);
#124=FACE_OUTER_BOUND('',#236,.T.);
#125=FACE_OUTER_BOUND('',#237,.T.);
#126=FACE_OUTER_BOUND('',#238,.T.);
#127=FACE_OUTER_BOUND('',#239,.T.);
#128=FACE_OUTER_BOUND('',#240,.T.);
#129=FACE_OUTER_BOUND('',#241,.T.);
#130=FACE_OUTER_BOUND('',#242,.T.);
#131=FACE_OUTER_BOUND('',#243,.T.);
#132=FACE_OUTER_BOUND('',#244,.T.);
#133=FACE_OUTER_BOUND('',#245,.T.);
#134=FACE_OUTER_BOUND('',#246,.T.);
#135=FACE_OUTER_BOUND('',#247,.T.);
#136=FACE_OUTER_BOUND('',#248,.T.);
#137=FACE_OUTER_BOUND('',#249,.T.);
#138=FACE_OUTER_BOUND('',#250,.T.);
#139=FACE_OUTER_BOUND('',#251,.T.);
#140=FACE_OUTER_BOUND('',#252,.T.);
#141=FACE_OUTER_BOUND('',#253,.T.);
#142=FACE_OUTER_BOUND('',#254,.T.);
#143=FACE_OUTER_BOUND('',#255,.T.);
#144=FACE_OUTER_BOUND('',#256,.T.);
#145=FACE_OUTER_BOUND('',#257,.T.);
#146=FACE_OUTER_BOUND('',#258,.T.);
#147=FACE_OUTER_BOUND('',#259,.T.);
#148=FACE_OUTER_BOUND('',#260,.T.);
#149=FACE_OUTER_BOUND('',#261,.T.);
#150=FACE_OUTER_BOUND('',#262,.T.);
#151=FACE_OUTER_BOUND('',#263,.T.);
#152=FACE_OUTER_BOUND('',#264,.T.);
#153=FACE_OUTER_BOUND('',#265,.T.);
#154=FACE_OUTER_BOUND('',#266,.T.);
#155=FACE_OUTER_BOUND('',#267,.T.);
#156=FACE_OUTER_BOUND('',#268,.T.);
#157=FACE_OUTER_BOUND('',#269,.T.);
#158=FACE_OUTER_BOUND('',#270,.T.);
#159=FACE_OUTER_BOUND('',#271,.T.);
#160=FACE_OUTER_BOUND('',#272,.T.);
#161=FACE_OUTER_BOUND('',#273,.T.);
#162=FACE_OUTER_BOUND('',#274,.T.);
#163=FACE_OUTER_BOUND('',#275,.T.);
#164=FACE_OUTER_BOUND('',#276,.T.);
#165=FACE_OUTER_BOUND('',#277,.T.);
#166=FACE_OUTER_BOUND('',#278,.T.);
#167=FACE_OUTER_BOUND('',#279,.T.);
#168=FACE_OUTER_BOUND('',#280,.T.);
#169=FACE_OUTER_BOUND('',#281,.T.);
#170=FACE_OUTER_BOUND('',#282,.T.);
#171=FACE_OUTER_BOUND('',#283,.T.);
#172=FACE_OUTER_BOUND('',#284,.T.);
#173=FACE_OUTER_BOUND('',#285,.T.);
#174=FACE_OUTER_BOUND('',#286,.T.);
#175=FACE_OUTER_BOUND('',#287,.T.);
#176=FACE_OUTER_BOUND('',#288,.T.);
#177=FACE_OUTER_BOUND('',#289,.T.);
#178=FACE_OUTER_BOUND('',#290,.T.);
#179=FACE_OUTER_BOUND('',#291,.T.);
#180=FACE_OUTER_BOUND('',#292,.T.);
#181=FACE_OUTER_BOUND('',#293,.T.);
#182=FACE_OUTER_BOUND('',#294,.T.);
#183=FACE_OUTER_BOUND('',#295,.T.);
#184=FACE_OUTER_BOUND('',#296,.T.);
#185=FACE_OUTER_BOUND('',#297,.T.);
#186=FACE_OUTER_BOUND('',#298,.T.);
#187=FACE_OUTER_BOUND('',#299,.T.);
#188=FACE_OUTER_BOUND('',#300,.T.);
#189=FACE_OUTER_BOUND('',#301,.T.);
#190=FACE_OUTER_BOUND('',#302,.T.);
#191=FACE_OUTER_BOUND('',#303,.T.);
#192=FACE_OUTER_BOUND('',#304,.T.);
#193=FACE_OUTER_BOUND('',#305,.T.);
#194=FACE_OUTER_BOUND('',#306,.T.);
#195=FACE_OUTER_BOUND('',#307,.T.);
#196=FACE_OUTER_BOUND('',#308,.T.);
#197=FACE_OUTER_BOUND('',#309,.T.);
#198=FACE_OUTER_BOUND('',#310,.T.);
#199=FACE_OUTER_BOUND('',#311,.T.);
#200=FACE_OUTER_BOUND('',#312,.T.);
#201=FACE_OUTER_BOUND('',#313,.T.);
#202=FACE_OUTER_BOUND('',#314,.T.);
#203=FACE_OUTER_BOUND('',#315,.T.);
#204=FACE_OUTER_BOUND('',#316,.T.);
#205=FACE_OUTER_BOUND('',#317,.T.);
#206=FACE_OUTER_BOUND('',#318,.T.);
#207=FACE_OUTER_BOUND('',#319,.T.);
#208=FACE_OUTER_BOUND('',#320,.T.);
#209=FACE_OUTER_BOUND('',#321,.T.);
#210=FACE_OUTER_BOUND('',#322,.T.);
#211=FACE_OUTER_BOUND('',#323,.T.);
#212=FACE_OUTER_BOUND('',#324,.T.);
#213=FACE_OUTER_BOUND('',#325,.T.);
#214=FACE_OUTER_BOUND('',#326,.T.);
#215=FACE_OUTER_BOUND('',#327,.T.);
#216=FACE_OUTER_BOUND('',#328,.T.);
#217=FACE_OUTER_BOUND('',#329,.T.);
#218=FACE_OUTER_BOUND('',#330,.T.);
#219=FACE_OUTER_BOUND('',#331,.T.);
#220=FACE_OUTER_BOUND('',#332,.T.);
#221=FACE_OUTER_BOUND('',#333,.T.);
#222=FACE_OUTER_BOUND('',#334,.T.);
#223=FACE_OUTER_BOUND('',#335,.T.);
#224=FACE_OUTER_BOUND('',#342,.T.);
#225=EDGE_LOOP('',(#1530,#1531,#1532,#1533));
#226=EDGE_LOOP('',(#1534,#1535,#1536,#1537));
#227=EDGE_LOOP('',(#1538,#1539,#1540,#1541));
#228=EDGE_LOOP('',(#1542,#1543,#1544,#1545));
#229=EDGE_LOOP('',(#1546,#1547,#1548,#1549));
#230=EDGE_LOOP('',(#1550,#1551,#1552,#1553));
#231=EDGE_LOOP('',(#1554,#1555,#1556,#1557));
#232=EDGE_LOOP('',(#1558,#1559,#1560,#1561));
#233=EDGE_LOOP('',(#1562,#1563,#1564,#1565));
#234=EDGE_LOOP('',(#1566,#1567,#1568,#1569));
#235=EDGE_LOOP('',(#1570,#1571,#1572,#1573));
#236=EDGE_LOOP('',(#1574,#1575,#1576,#1577));
#237=EDGE_LOOP('',(#1578,#1579,#1580,#1581));
#238=EDGE_LOOP('',(#1582,#1583,#1584,#1585));
#239=EDGE_LOOP('',(#1586,#1587,#1588,#1589));
#240=EDGE_LOOP('',(#1590,#1591,#1592,#1593));
#241=EDGE_LOOP('',(#1594,#1595,#1596,#1597));
#242=EDGE_LOOP('',(#1598,#1599,#1600,#1601));
#243=EDGE_LOOP('',(#1602,#1603,#1604,#1605));
#244=EDGE_LOOP('',(#1606,#1607,#1608,#1609));
#245=EDGE_LOOP('',(#1610,#1611,#1612,#1613));
#246=EDGE_LOOP('',(#1614,#1615,#1616,#1617));
#247=EDGE_LOOP('',(#1618,#1619,#1620,#1621));
#248=EDGE_LOOP('',(#1622,#1623,#1624,#1625));
#249=EDGE_LOOP('',(#1626,#1627,#1628,#1629));
#250=EDGE_LOOP('',(#1630,#1631,#1632,#1633));
#251=EDGE_LOOP('',(#1634,#1635,#1636,#1637));
#252=EDGE_LOOP('',(#1638,#1639,#1640,#1641));
#253=EDGE_LOOP('',(#1642,#1643,#1644,#1645));
#254=EDGE_LOOP('',(#1646,#1647,#1648,#1649));
#255=EDGE_LOOP('',(#1650,#1651,#1652,#1653));
#256=EDGE_LOOP('',(#1654,#1655,#1656,#1657));
#257=EDGE_LOOP('',(#1658,#1659,#1660,#1661));
#258=EDGE_LOOP('',(#1662,#1663,#1664,#1665));
#259=EDGE_LOOP('',(#1666,#1667,#1668,#1669));
#260=EDGE_LOOP('',(#1670,#1671,#1672,#1673));
#261=EDGE_LOOP('',(#1674,#1675,#1676,#1677));
#262=EDGE_LOOP('',(#1678,#1679,#1680,#1681));
#263=EDGE_LOOP('',(#1682,#1683,#1684,#1685));
#264=EDGE_LOOP('',(#1686,#1687,#1688,#1689));
#265=EDGE_LOOP('',(#1690,#1691,#1692,#1693));
#266=EDGE_LOOP('',(#1694,#1695,#1696,#1697));
#267=EDGE_LOOP('',(#1698,#1699,#1700,#1701));
#268=EDGE_LOOP('',(#1702,#1703,#1704,#1705));
#269=EDGE_LOOP('',(#1706,#1707,#1708,#1709));
#270=EDGE_LOOP('',(#1710,#1711,#1712,#1713));
#271=EDGE_LOOP('',(#1714,#1715,#1716,#1717));
#272=EDGE_LOOP('',(#1718,#1719,#1720,#1721));
#273=EDGE_LOOP('',(#1722,#1723,#1724,#1725));
#274=EDGE_LOOP('',(#1726,#1727,#1728,#1729));
#275=EDGE_LOOP('',(#1730,#1731,#1732,#1733));
#276=EDGE_LOOP('',(#1734,#1735,#1736,#1737));
#277=EDGE_LOOP('',(#1738,#1739,#1740,#1741));
#278=EDGE_LOOP('',(#1742,#1743,#1744,#1745));
#279=EDGE_LOOP('',(#1746,#1747,#1748,#1749));
#280=EDGE_LOOP('',(#1750,#1751,#1752,#1753));
#281=EDGE_LOOP('',(#1754,#1755,#1756,#1757));
#282=EDGE_LOOP('',(#1758,#1759,#1760,#1761));
#283=EDGE_LOOP('',(#1762,#1763,#1764,#1765));
#284=EDGE_LOOP('',(#1766,#1767,#1768,#1769));
#285=EDGE_LOOP('',(#1770,#1771,#1772,#1773));
#286=EDGE_LOOP('',(#1774,#1775,#1776,#1777));
#287=EDGE_LOOP('',(#1778,#1779,#1780,#1781));
#288=EDGE_LOOP('',(#1782,#1783,#1784,#1785));
#289=EDGE_LOOP('',(#1786,#1787,#1788,#1789));
#290=EDGE_LOOP('',(#1790,#1791,#1792,#1793));
#291=EDGE_LOOP('',(#1794,#1795,#1796,#1797));
#292=EDGE_LOOP('',(#1798,#1799,#1800,#1801));
#293=EDGE_LOOP('',(#1802,#1803,#1804,#1805));
#294=EDGE_LOOP('',(#1806,#1807,#1808,#1809));
#295=EDGE_LOOP('',(#1810,#1811,#1812,#1813));
#296=EDGE_LOOP('',(#1814,#1815,#1816,#1817));
#297=EDGE_LOOP('',(#1818,#1819,#1820,#1821));
#298=EDGE_LOOP('',(#1822,#1823,#1824,#1825));
#299=EDGE_LOOP('',(#1826,#1827,#1828,#1829));
#300=EDGE_LOOP('',(#1830,#1831,#1832,#1833));
#301=EDGE_LOOP('',(#1834,#1835,#1836,#1837));
#302=EDGE_LOOP('',(#1838,#1839,#1840,#1841));
#303=EDGE_LOOP('',(#1842,#1843,#1844,#1845));
#304=EDGE_LOOP('',(#1846,#1847,#1848,#1849));
#305=EDGE_LOOP('',(#1850,#1851,#1852,#1853));
#306=EDGE_LOOP('',(#1854,#1855,#1856,#1857));
#307=EDGE_LOOP('',(#1858,#1859,#1860,#1861));
#308=EDGE_LOOP('',(#1862,#1863,#1864,#1865));
#309=EDGE_LOOP('',(#1866,#1867,#1868,#1869));
#310=EDGE_LOOP('',(#1870,#1871,#1872,#1873));
#311=EDGE_LOOP('',(#1874,#1875,#1876,#1877));
#312=EDGE_LOOP('',(#1878,#1879,#1880,#1881));
#313=EDGE_LOOP('',(#1882,#1883,#1884,#1885));
#314=EDGE_LOOP('',(#1886,#1887,#1888,#1889));
#315=EDGE_LOOP('',(#1890,#1891,#1892,#1893));
#316=EDGE_LOOP('',(#1894,#1895,#1896,#1897));
#317=EDGE_LOOP('',(#1898,#1899,#1900,#1901));
#318=EDGE_LOOP('',(#1902,#1903,#1904,#1905));
#319=EDGE_LOOP('',(#1906,#1907,#1908,#1909));
#320=EDGE_LOOP('',(#1910,#1911,#1912,#1913));
#321=EDGE_LOOP('',(#1914,#1915,#1916,#1917));
#322=EDGE_LOOP('',(#1918,#1919,#1920,#1921));
#323=EDGE_LOOP('',(#1922,#1923,#1924,#1925));
#324=EDGE_LOOP('',(#1926,#1927,#1928,#1929));
#325=EDGE_LOOP('',(#1930,#1931,#1932,#1933));
#326=EDGE_LOOP('',(#1934,#1935,#1936,#1937));
#327=EDGE_LOOP('',(#1938,#1939,#1940,#1941));
#328=EDGE_LOOP('',(#1942,#1943,#1944,#1945));
#329=EDGE_LOOP('',(#1946,#1947,#1948,#1949));
#330=EDGE_LOOP('',(#1950,#1951,#1952,#1953));
#331=EDGE_LOOP('',(#1954,#1955,#1956,#1957));
#332=EDGE_LOOP('',(#1958,#1959,#1960,#1961));
#333=EDGE_LOOP('',(#1962,#1963,#1964,#1965));
#334=EDGE_LOOP('',(#1966,#1967,#1968,#1969));
#335=EDGE_LOOP('',(#1970,#1971,#1972,#1973));
#336=EDGE_LOOP('',(#1974,#1975,#1976,#1977));
#337=EDGE_LOOP('',(#1978,#1979,#1980,#1981));
#338=EDGE_LOOP('',(#1982,#1983,#1984,#1985));
#339=EDGE_LOOP('',(#1986,#1987,#1988,#1989));
#340=EDGE_LOOP('',(#1990,#1991,#1992,#1993));
#341=EDGE_LOOP('',(#1994,#1995,#1996,#1997));
#342=EDGE_LOOP('',(#1998,#1999,#2000,#2001));
#343=EDGE_LOOP('',(#2002,#2003,#2004,#2005));
#344=EDGE_LOOP('',(#2006,#2007,#2008,#2009));
#345=EDGE_LOOP('',(#2010,#2011,#2012,#2013));
#346=EDGE_LOOP('',(#2014,#2015,#2016,#2017));
#347=EDGE_LOOP('',(#2018,#2019,#2020,#2021));
#348=EDGE_LOOP('',(#2022,#2023,#2024,#2025));
#349=LINE('',#3052,#648);
#350=LINE('',#3054,#649);
#351=LINE('',#3056,#650);
#352=LINE('',#3057,#651);
#353=LINE('',#3063,#652);
#354=LINE('',#3066,#653);
#355=LINE('',#3068,#654);
#356=LINE('',#3069,#655);
#357=LINE('',#3072,#656);
#358=LINE('',#3074,#657);
#359=LINE('',#3075,#658);
#360=LINE('',#3078,#659);
#361=LINE('',#3080,#660);
#362=LINE('',#3081,#661);
#363=LINE('',#3084,#662);
#364=LINE('',#3086,#663);
#365=LINE('',#3087,#664);
#366=LINE('',#3090,#665);
#367=LINE('',#3092,#666);
#368=LINE('',#3093,#667);
#369=LINE('',#3096,#668);
#370=LINE('',#3098,#669);
#371=LINE('',#3099,#670);
#372=LINE('',#3102,#671);
#373=LINE('',#3104,#672);
#374=LINE('',#3105,#673);
#375=LINE('',#3108,#674);
#376=LINE('',#3110,#675);
#377=LINE('',#3111,#676);
#378=LINE('',#3114,#677);
#379=LINE('',#3116,#678);
#380=LINE('',#3117,#679);
#381=LINE('',#3120,#680);
#382=LINE('',#3122,#681);
#383=LINE('',#3123,#682);
#384=LINE('',#3126,#683);
#385=LINE('',#3128,#684);
#386=LINE('',#3129,#685);
#387=LINE('',#3132,#686);
#388=LINE('',#3134,#687);
#389=LINE('',#3135,#688);
#390=LINE('',#3138,#689);
#391=LINE('',#3140,#690);
#392=LINE('',#3141,#691);
#393=LINE('',#3144,#692);
#394=LINE('',#3146,#693);
#395=LINE('',#3147,#694);
#396=LINE('',#3150,#695);
#397=LINE('',#3152,#696);
#398=LINE('',#3153,#697);
#399=LINE('',#3156,#698);
#400=LINE('',#3158,#699);
#401=LINE('',#3159,#700);
#402=LINE('',#3162,#701);
#403=LINE('',#3164,#702);
#404=LINE('',#3165,#703);
#405=LINE('',#3168,#704);
#406=LINE('',#3170,#705);
#407=LINE('',#3171,#706);
#408=LINE('',#3174,#707);
#409=LINE('',#3176,#708);
#410=LINE('',#3177,#709);
#411=LINE('',#3180,#710);
#412=LINE('',#3182,#711);
#413=LINE('',#3183,#712);
#414=LINE('',#3186,#713);
#415=LINE('',#3188,#714);
#416=LINE('',#3189,#715);
#417=LINE('',#3192,#716);
#418=LINE('',#3194,#717);
#419=LINE('',#3195,#718);
#420=LINE('',#3198,#719);
#421=LINE('',#3200,#720);
#422=LINE('',#3201,#721);
#423=LINE('',#3204,#722);
#424=LINE('',#3206,#723);
#425=LINE('',#3207,#724);
#426=LINE('',#3213,#725);
#427=LINE('',#3216,#726);
#428=LINE('',#3222,#727);
#429=LINE('',#3228,#728);
#430=LINE('',#3237,#729);
#431=LINE('',#3240,#730);
#432=LINE('',#3246,#731);
#433=LINE('',#3252,#732);
#434=LINE('',#3258,#733);
#435=LINE('',#3261,#734);
#436=LINE('',#3269,#735);
#437=LINE('',#3275,#736);
#438=LINE('',#3281,#737);
#439=LINE('',#3288,#738);
#440=LINE('',#3291,#739);
#441=LINE('',#3296,#740);
#442=LINE('',#3301,#741);
#443=LINE('',#3303,#742);
#444=LINE('',#3305,#743);
#445=LINE('',#3306,#744);
#446=LINE('',#3309,#745);
#447=LINE('',#3311,#746);
#448=LINE('',#3312,#747);
#449=LINE('',#3315,#748);
#450=LINE('',#3317,#749);
#451=LINE('',#3318,#750);
#452=LINE('',#3321,#751);
#453=LINE('',#3323,#752);
#454=LINE('',#3324,#753);
#455=LINE('',#3327,#754);
#456=LINE('',#3329,#755);
#457=LINE('',#3330,#756);
#458=LINE('',#3333,#757);
#459=LINE('',#3335,#758);
#460=LINE('',#3336,#759);
#461=LINE('',#3339,#760);
#462=LINE('',#3341,#761);
#463=LINE('',#3342,#762);
#464=LINE('',#3345,#763);
#465=LINE('',#3347,#764);
#466=LINE('',#3348,#765);
#467=LINE('',#3352,#766);
#468=LINE('',#3354,#767);
#469=LINE('',#3356,#768);
#470=LINE('',#3357,#769);
#471=LINE('',#3360,#770);
#472=LINE('',#3362,#771);
#473=LINE('',#3363,#772);
#474=LINE('',#3366,#773);
#475=LINE('',#3368,#774);
#476=LINE('',#3369,#775);
#477=LINE('',#3372,#776);
#478=LINE('',#3374,#777);
#479=LINE('',#3375,#778);
#480=LINE('',#3378,#779);
#481=LINE('',#3380,#780);
#482=LINE('',#3381,#781);
#483=LINE('',#3384,#782);
#484=LINE('',#3386,#783);
#485=LINE('',#3387,#784);
#486=LINE('',#3390,#785);
#487=LINE('',#3392,#786);
#488=LINE('',#3393,#787);
#489=LINE('',#3396,#788);
#490=LINE('',#3398,#789);
#491=LINE('',#3399,#790);
#492=LINE('',#3405,#791);
#493=LINE('',#3408,#792);
#494=LINE('',#3411,#793);
#495=LINE('',#3413,#794);
#496=LINE('',#3414,#795);
#497=LINE('',#3417,#796);
#498=LINE('',#3419,#797);
#499=LINE('',#3420,#798);
#500=LINE('',#3426,#799);
#501=LINE('',#3429,#800);
#502=LINE('',#3435,#801);
#503=LINE('',#3440,#802);
#504=LINE('',#3447,#803);
#505=LINE('',#3450,#804);
#506=LINE('',#3454,#805);
#507=LINE('',#3456,#806);
#508=LINE('',#3458,#807);
#509=LINE('',#3459,#808);
#510=LINE('',#3462,#809);
#511=LINE('',#3464,#810);
#512=LINE('',#3465,#811);
#513=LINE('',#3468,#812);
#514=LINE('',#3470,#813);
#515=LINE('',#3471,#814);
#516=LINE('',#3474,#815);
#517=LINE('',#3476,#816);
#518=LINE('',#3477,#817);
#519=LINE('',#3480,#818);
#520=LINE('',#3482,#819);
#521=LINE('',#3483,#820);
#522=LINE('',#3485,#821);
#523=LINE('',#3486,#822);
#524=LINE('',#3490,#823);
#525=LINE('',#3492,#824);
#526=LINE('',#3494,#825);
#527=LINE('',#3495,#826);
#528=LINE('',#3498,#827);
#529=LINE('',#3500,#828);
#530=LINE('',#3501,#829);
#531=LINE('',#3504,#830);
#532=LINE('',#3506,#831);
#533=LINE('',#3507,#832);
#534=LINE('',#3510,#833);
#535=LINE('',#3512,#834);
#536=LINE('',#3513,#835);
#537=LINE('',#3516,#836);
#538=LINE('',#3518,#837);
#539=LINE('',#3519,#838);
#540=LINE('',#3522,#839);
#541=LINE('',#3524,#840);
#542=LINE('',#3525,#841);
#543=LINE('',#3528,#842);
#544=LINE('',#3530,#843);
#545=LINE('',#3531,#844);
#546=LINE('',#3534,#845);
#547=LINE('',#3536,#846);
#548=LINE('',#3537,#847);
#549=LINE('',#3540,#848);
#550=LINE('',#3542,#849);
#551=LINE('',#3543,#850);
#552=LINE('',#3548,#851);
#553=LINE('',#3553,#852);
#554=LINE('',#3555,#853);
#555=LINE('',#3557,#854);
#556=LINE('',#3558,#855);
#557=LINE('',#3561,#856);
#558=LINE('',#3563,#857);
#559=LINE('',#3564,#858);
#560=LINE('',#3568,#859);
#561=LINE('',#3570,#860);
#562=LINE('',#3572,#861);
#563=LINE('',#3573,#862);
#564=LINE('',#3577,#863);
#565=LINE('',#3579,#864);
#566=LINE('',#3581,#865);
#567=LINE('',#3582,#866);
#568=LINE('',#3585,#867);
#569=LINE('',#3587,#868);
#570=LINE('',#3588,#869);
#571=LINE('',#3591,#870);
#572=LINE('',#3593,#871);
#573=LINE('',#3594,#872);
#574=LINE('',#3596,#873);
#575=LINE('',#3597,#874);
#576=LINE('',#3601,#875);
#577=LINE('',#3603,#876);
#578=LINE('',#3605,#877);
#579=LINE('',#3606,#878);
#580=LINE('',#3609,#879);
#581=LINE('',#3611,#880);
#582=LINE('',#3612,#881);
#583=LINE('',#3615,#882);
#584=LINE('',#3617,#883);
#585=LINE('',#3618,#884);
#586=LINE('',#3620,#885);
#587=LINE('',#3621,#886);
#588=LINE('',#3625,#887);
#589=LINE('',#3627,#888);
#590=LINE('',#3629,#889);
#591=LINE('',#3630,#890);
#592=LINE('',#3633,#891);
#593=LINE('',#3635,#892);
#594=LINE('',#3636,#893);
#595=LINE('',#3639,#894);
#596=LINE('',#3641,#895);
#597=LINE('',#3642,#896);
#598=LINE('',#3644,#897);
#599=LINE('',#3645,#898);
#600=LINE('',#3649,#899);
#601=LINE('',#3651,#900);
#602=LINE('',#3653,#901);
#603=LINE('',#3654,#902);
#604=LINE('',#3657,#903);
#605=LINE('',#3659,#904);
#606=LINE('',#3660,#905);
#607=LINE('',#3663,#906);
#608=LINE('',#3665,#907);
#609=LINE('',#3666,#908);
#610=LINE('',#3668,#909);
#611=LINE('',#3669,#910);
#612=LINE('',#3673,#911);
#613=LINE('',#3675,#912);
#614=LINE('',#3677,#913);
#615=LINE('',#3678,#914);
#616=LINE('',#3681,#915);
#617=LINE('',#3683,#916);
#618=LINE('',#3684,#917);
#619=LINE('',#3687,#918);
#620=LINE('',#3689,#919);
#621=LINE('',#3690,#920);
#622=LINE('',#3692,#921);
#623=LINE('',#3693,#922);
#624=LINE('',#3697,#923);
#625=LINE('',#3699,#924);
#626=LINE('',#3701,#925);
#627=LINE('',#3702,#926);
#628=LINE('',#3705,#927);
#629=LINE('',#3707,#928);
#630=LINE('',#3708,#929);
#631=LINE('',#3711,#930);
#632=LINE('',#3713,#931);
#633=LINE('',#3714,#932);
#634=LINE('',#3716,#933);
#635=LINE('',#3717,#934);
#636=LINE('',#3721,#935);
#637=LINE('',#3723,#936);
#638=LINE('',#3725,#937);
#639=LINE('',#3726,#938);
#640=LINE('',#3729,#939);
#641=LINE('',#3731,#940);
#642=LINE('',#3732,#941);
#643=LINE('',#3735,#942);
#644=LINE('',#3737,#943);
#645=LINE('',#3738,#944);
#646=LINE('',#3740,#945);
#647=LINE('',#3741,#946);
#648=VECTOR('',#2440,10.);
#649=VECTOR('',#2441,10.);
#650=VECTOR('',#2442,10.);
#651=VECTOR('',#2443,10.);
#652=VECTOR('',#2450,10.);
#653=VECTOR('',#2453,10.);
#654=VECTOR('',#2454,10.);
#655=VECTOR('',#2455,10.);
#656=VECTOR('',#2458,10.);
#657=VECTOR('',#2459,10.);
#658=VECTOR('',#2460,10.);
#659=VECTOR('',#2463,10.);
#660=VECTOR('',#2464,10.);
#661=VECTOR('',#2465,10.);
#662=VECTOR('',#2468,10.);
#663=VECTOR('',#2469,10.);
#664=VECTOR('',#2470,10.);
#665=VECTOR('',#2473,10.);
#666=VECTOR('',#2474,10.);
#667=VECTOR('',#2475,10.);
#668=VECTOR('',#2478,10.);
#669=VECTOR('',#2479,10.);
#670=VECTOR('',#2480,10.);
#671=VECTOR('',#2483,10.);
#672=VECTOR('',#2484,10.);
#673=VECTOR('',#2485,10.);
#674=VECTOR('',#2488,10.);
#675=VECTOR('',#2489,10.);
#676=VECTOR('',#2490,10.);
#677=VECTOR('',#2493,10.);
#678=VECTOR('',#2494,10.);
#679=VECTOR('',#2495,10.);
#680=VECTOR('',#2498,10.);
#681=VECTOR('',#2499,10.);
#682=VECTOR('',#2500,10.);
#683=VECTOR('',#2503,10.);
#684=VECTOR('',#2504,10.);
#685=VECTOR('',#2505,10.);
#686=VECTOR('',#2508,10.);
#687=VECTOR('',#2509,10.);
#688=VECTOR('',#2510,10.);
#689=VECTOR('',#2513,10.);
#690=VECTOR('',#2514,10.);
#691=VECTOR('',#2515,10.);
#692=VECTOR('',#2518,10.);
#693=VECTOR('',#2519,10.);
#694=VECTOR('',#2520,10.);
#695=VECTOR('',#2523,10.);
#696=VECTOR('',#2524,10.);
#697=VECTOR('',#2525,10.);
#698=VECTOR('',#2528,10.);
#699=VECTOR('',#2529,10.);
#700=VECTOR('',#2530,10.);
#701=VECTOR('',#2533,10.);
#702=VECTOR('',#2534,10.);
#703=VECTOR('',#2535,10.);
#704=VECTOR('',#2538,10.);
#705=VECTOR('',#2539,10.);
#706=VECTOR('',#2540,10.);
#707=VECTOR('',#2543,10.);
#708=VECTOR('',#2544,10.);
#709=VECTOR('',#2545,10.);
#710=VECTOR('',#2548,10.);
#711=VECTOR('',#2549,10.);
#712=VECTOR('',#2550,10.);
#713=VECTOR('',#2553,10.);
#714=VECTOR('',#2554,10.);
#715=VECTOR('',#2555,10.);
#716=VECTOR('',#2558,10.);
#717=VECTOR('',#2559,10.);
#718=VECTOR('',#2560,10.);
#719=VECTOR('',#2563,10.);
#720=VECTOR('',#2564,10.);
#721=VECTOR('',#2565,10.);
#722=VECTOR('',#2568,10.);
#723=VECTOR('',#2569,10.);
#724=VECTOR('',#2570,10.);
#725=VECTOR('',#2575,10.);
#726=VECTOR('',#2578,10.);
#727=VECTOR('',#2585,10.);
#728=VECTOR('',#2592,10.);
#729=VECTOR('',#2603,10.);
#730=VECTOR('',#2606,10.);
#731=VECTOR('',#2613,10.);
#732=VECTOR('',#2620,10.);
#733=VECTOR('',#2625,10.);
#734=VECTOR('',#2628,10.);
#735=VECTOR('',#2639,0.571805424609533);
#736=VECTOR('',#2646,0.315492993303002);
#737=VECTOR('',#2653,0.557738809732244);
#738=VECTOR('',#2660,10.);
#739=VECTOR('',#2663,10.);
#740=VECTOR('',#2668,0.31744018811799);
#741=VECTOR('',#2673,10.);
#742=VECTOR('',#2674,10.);
#743=VECTOR('',#2675,10.);
#744=VECTOR('',#2676,10.);
#745=VECTOR('',#2679,10.);
#746=VECTOR('',#2680,10.);
#747=VECTOR('',#2681,10.);
#748=VECTOR('',#2684,10.);
#749=VECTOR('',#2685,10.);
#750=VECTOR('',#2686,10.);
#751=VECTOR('',#2689,10.);
#752=VECTOR('',#2690,10.);
#753=VECTOR('',#2691,10.);
#754=VECTOR('',#2694,10.);
#755=VECTOR('',#2695,10.);
#756=VECTOR('',#2696,10.);
#757=VECTOR('',#2699,10.);
#758=VECTOR('',#2700,10.);
#759=VECTOR('',#2701,10.);
#760=VECTOR('',#2704,10.);
#761=VECTOR('',#2705,10.);
#762=VECTOR('',#2706,10.);
#763=VECTOR('',#2709,10.);
#764=VECTOR('',#2710,10.);
#765=VECTOR('',#2711,10.);
#766=VECTOR('',#2714,10.);
#767=VECTOR('',#2715,10.);
#768=VECTOR('',#2716,10.);
#769=VECTOR('',#2717,10.);
#770=VECTOR('',#2720,10.);
#771=VECTOR('',#2721,10.);
#772=VECTOR('',#2722,10.);
#773=VECTOR('',#2725,10.);
#774=VECTOR('',#2726,10.);
#775=VECTOR('',#2727,10.);
#776=VECTOR('',#2730,10.);
#777=VECTOR('',#2731,10.);
#778=VECTOR('',#2732,10.);
#779=VECTOR('',#2735,10.);
#780=VECTOR('',#2736,10.);
#781=VECTOR('',#2737,10.);
#782=VECTOR('',#2740,10.);
#783=VECTOR('',#2741,10.);
#784=VECTOR('',#2742,10.);
#785=VECTOR('',#2745,10.);
#786=VECTOR('',#2746,10.);
#787=VECTOR('',#2747,10.);
#788=VECTOR('',#2750,10.);
#789=VECTOR('',#2751,10.);
#790=VECTOR('',#2752,10.);
#791=VECTOR('',#2757,10.);
#792=VECTOR('',#2760,10.);
#793=VECTOR('',#2763,10.);
#794=VECTOR('',#2764,10.);
#795=VECTOR('',#2765,10.);
#796=VECTOR('',#2768,10.);
#797=VECTOR('',#2769,10.);
#798=VECTOR('',#2770,10.);
#799=VECTOR('',#2775,10.);
#800=VECTOR('',#2778,10.);
#801=VECTOR('',#2785,10.);
#802=VECTOR('',#2790,10.);
#803=VECTOR('',#2797,10.);
#804=VECTOR('',#2800,10.);
#805=VECTOR('',#2803,10.);
#806=VECTOR('',#2804,10.);
#807=VECTOR('',#2805,10.);
#808=VECTOR('',#2806,10.);
#809=VECTOR('',#2809,10.);
#810=VECTOR('',#2810,10.);
#811=VECTOR('',#2811,10.);
#812=VECTOR('',#2814,10.);
#813=VECTOR('',#2815,10.);
#814=VECTOR('',#2816,10.);
#815=VECTOR('',#2819,10.);
#816=VECTOR('',#2820,10.);
#817=VECTOR('',#2821,10.);
#818=VECTOR('',#2824,10.);
#819=VECTOR('',#2825,10.);
#820=VECTOR('',#2826,10.);
#821=VECTOR('',#2829,10.);
#822=VECTOR('',#2830,10.);
#823=VECTOR('',#2833,10.);
#824=VECTOR('',#2834,10.);
#825=VECTOR('',#2835,10.);
#826=VECTOR('',#2836,10.);
#827=VECTOR('',#2839,10.);
#828=VECTOR('',#2840,10.);
#829=VECTOR('',#2841,10.);
#830=VECTOR('',#2844,10.);
#831=VECTOR('',#2845,10.);
#832=VECTOR('',#2846,10.);
#833=VECTOR('',#2849,10.);
#834=VECTOR('',#2850,10.);
#835=VECTOR('',#2851,10.);
#836=VECTOR('',#2854,10.);
#837=VECTOR('',#2855,10.);
#838=VECTOR('',#2856,10.);
#839=VECTOR('',#2859,10.);
#840=VECTOR('',#2860,10.);
#841=VECTOR('',#2861,10.);
#842=VECTOR('',#2864,10.);
#843=VECTOR('',#2865,10.);
#844=VECTOR('',#2866,10.);
#845=VECTOR('',#2869,10.);
#846=VECTOR('',#2870,10.);
#847=VECTOR('',#2871,10.);
#848=VECTOR('',#2874,10.);
#849=VECTOR('',#2875,10.);
#850=VECTOR('',#2876,10.);
#851=VECTOR('',#2881,10.);
#852=VECTOR('',#2886,10.);
#853=VECTOR('',#2887,10.);
#854=VECTOR('',#2888,10.);
#855=VECTOR('',#2889,10.);
#856=VECTOR('',#2892,10.);
#857=VECTOR('',#2893,10.);
#858=VECTOR('',#2894,10.);
#859=VECTOR('',#2897,10.);
#860=VECTOR('',#2898,10.);
#861=VECTOR('',#2899,10.);
#862=VECTOR('',#2900,10.);
#863=VECTOR('',#2903,10.);
#864=VECTOR('',#2904,10.);
#865=VECTOR('',#2905,10.);
#866=VECTOR('',#2906,10.);
#867=VECTOR('',#2909,10.);
#868=VECTOR('',#2910,10.);
#869=VECTOR('',#2911,10.);
#870=VECTOR('',#2914,10.);
#871=VECTOR('',#2915,10.);
#872=VECTOR('',#2916,10.);
#873=VECTOR('',#2919,10.);
#874=VECTOR('',#2920,10.);
#875=VECTOR('',#2923,10.);
#876=VECTOR('',#2924,10.);
#877=VECTOR('',#2925,10.);
#878=VECTOR('',#2926,10.);
#879=VECTOR('',#2929,10.);
#880=VECTOR('',#2930,10.);
#881=VECTOR('',#2931,10.);
#882=VECTOR('',#2934,10.);
#883=VECTOR('',#2935,10.);
#884=VECTOR('',#2936,10.);
#885=VECTOR('',#2939,10.);
#886=VECTOR('',#2940,10.);
#887=VECTOR('',#2943,10.);
#888=VECTOR('',#2944,10.);
#889=VECTOR('',#2945,10.);
#890=VECTOR('',#2946,10.);
#891=VECTOR('',#2949,10.);
#892=VECTOR('',#2950,10.);
#893=VECTOR('',#2951,10.);
#894=VECTOR('',#2954,10.);
#895=VECTOR('',#2955,10.);
#896=VECTOR('',#2956,10.);
#897=VECTOR('',#2959,10.);
#898=VECTOR('',#2960,10.);
#899=VECTOR('',#2963,10.);
#900=VECTOR('',#2964,10.);
#901=VECTOR('',#2965,10.);
#902=VECTOR('',#2966,10.);
#903=VECTOR('',#2969,10.);
#904=VECTOR('',#2970,10.);
#905=VECTOR('',#2971,10.);
#906=VECTOR('',#2974,10.);
#907=VECTOR('',#2975,10.);
#908=VECTOR('',#2976,10.);
#909=VECTOR('',#2979,10.);
#910=VECTOR('',#2980,10.);
#911=VECTOR('',#2983,10.);
#912=VECTOR('',#2984,10.);
#913=VECTOR('',#2985,10.);
#914=VECTOR('',#2986,10.);
#915=VECTOR('',#2989,10.);
#916=VECTOR('',#2990,10.);
#917=VECTOR('',#2991,10.);
#918=VECTOR('',#2994,10.);
#919=VECTOR('',#2995,10.);
#920=VECTOR('',#2996,10.);
#921=VECTOR('',#2999,10.);
#922=VECTOR('',#3000,10.);
#923=VECTOR('',#3003,10.);
#924=VECTOR('',#3004,10.);
#925=VECTOR('',#3005,10.);
#926=VECTOR('',#3006,10.);
#927=VECTOR('',#3009,10.);
#928=VECTOR('',#3010,10.);
#929=VECTOR('',#3011,10.);
#930=VECTOR('',#3014,10.);
#931=VECTOR('',#3015,10.);
#932=VECTOR('',#3016,10.);
#933=VECTOR('',#3019,10.);
#934=VECTOR('',#3020,10.);
#935=VECTOR('',#3023,10.);
#936=VECTOR('',#3024,10.);
#937=VECTOR('',#3025,10.);
#938=VECTOR('',#3026,10.);
#939=VECTOR('',#3029,10.);
#940=VECTOR('',#3030,10.);
#941=VECTOR('',#3031,10.);
#942=VECTOR('',#3034,10.);
#943=VECTOR('',#3035,10.);
#944=VECTOR('',#3036,10.);
#945=VECTOR('',#3039,10.);
#946=VECTOR('',#3040,10.);
#947=VERTEX_POINT('',#3050);
#948=VERTEX_POINT('',#3051);
#949=VERTEX_POINT('',#3053);
#950=VERTEX_POINT('',#3055);
#951=VERTEX_POINT('',#3059);
#952=VERTEX_POINT('',#3061);
#953=VERTEX_POINT('',#3065);
#954=VERTEX_POINT('',#3067);
#955=VERTEX_POINT('',#3071);
#956=VERTEX_POINT('',#3073);
#957=VERTEX_POINT('',#3077);
#958=VERTEX_POINT('',#3079);
#959=VERTEX_POINT('',#3083);
#960=VERTEX_POINT('',#3085);
#961=VERTEX_POINT('',#3089);
#962=VERTEX_POINT('',#3091);
#963=VERTEX_POINT('',#3095);
#964=VERTEX_POINT('',#3097);
#965=VERTEX_POINT('',#3101);
#966=VERTEX_POINT('',#3103);
#967=VERTEX_POINT('',#3107);
#968=VERTEX_POINT('',#3109);
#969=VERTEX_POINT('',#3113);
#970=VERTEX_POINT('',#3115);
#971=VERTEX_POINT('',#3119);
#972=VERTEX_POINT('',#3121);
#973=VERTEX_POINT('',#3125);
#974=VERTEX_POINT('',#3127);
#975=VERTEX_POINT('',#3131);
#976=VERTEX_POINT('',#3133);
#977=VERTEX_POINT('',#3137);
#978=VERTEX_POINT('',#3139);
#979=VERTEX_POINT('',#3143);
#980=VERTEX_POINT('',#3145);
#981=VERTEX_POINT('',#3149);
#982=VERTEX_POINT('',#3151);
#983=VERTEX_POINT('',#3155);
#984=VERTEX_POINT('',#3157);
#985=VERTEX_POINT('',#3161);
#986=VERTEX_POINT('',#3163);
#987=VERTEX_POINT('',#3167);
#988=VERTEX_POINT('',#3169);
#989=VERTEX_POINT('',#3173);
#990=VERTEX_POINT('',#3175);
#991=VERTEX_POINT('',#3179);
#992=VERTEX_POINT('',#3181);
#993=VERTEX_POINT('',#3185);
#994=VERTEX_POINT('',#3187);
#995=VERTEX_POINT('',#3191);
#996=VERTEX_POINT('',#3193);
#997=VERTEX_POINT('',#3197);
#998=VERTEX_POINT('',#3199);
#999=VERTEX_POINT('',#3203);
#1000=VERTEX_POINT('',#3205);
#1001=VERTEX_POINT('',#3209);
#1002=VERTEX_POINT('',#3210);
#1003=VERTEX_POINT('',#3212);
#1004=VERTEX_POINT('',#3214);
#1005=VERTEX_POINT('',#3218);
#1006=VERTEX_POINT('',#3220);
#1007=VERTEX_POINT('',#3224);
#1008=VERTEX_POINT('',#3226);
#1009=VERTEX_POINT('',#3233);
#1010=VERTEX_POINT('',#3234);
#1011=VERTEX_POINT('',#3236);
#1012=VERTEX_POINT('',#3238);
#1013=VERTEX_POINT('',#3242);
#1014=VERTEX_POINT('',#3244);
#1015=VERTEX_POINT('',#3248);
#1016=VERTEX_POINT('',#3250);
#1017=VERTEX_POINT('',#3254);
#1018=VERTEX_POINT('',#3255);
#1019=VERTEX_POINT('',#3257);
#1020=VERTEX_POINT('',#3259);
#1021=VERTEX_POINT('',#3266);
#1022=VERTEX_POINT('',#3268);
#1023=VERTEX_POINT('',#3272);
#1024=VERTEX_POINT('',#3274);
#1025=VERTEX_POINT('',#3278);
#1026=VERTEX_POINT('',#3280);
#1027=VERTEX_POINT('',#3284);
#1028=VERTEX_POINT('',#3285);
#1029=VERTEX_POINT('',#3287);
#1030=VERTEX_POINT('',#3289);
#1031=VERTEX_POINT('',#3293);
#1032=VERTEX_POINT('',#3295);
#1033=VERTEX_POINT('',#3299);
#1034=VERTEX_POINT('',#3300);
#1035=VERTEX_POINT('',#3302);
#1036=VERTEX_POINT('',#3304);
#1037=VERTEX_POINT('',#3308);
#1038=VERTEX_POINT('',#3310);
#1039=VERTEX_POINT('',#3314);
#1040=VERTEX_POINT('',#3316);
#1041=VERTEX_POINT('',#3320);
#1042=VERTEX_POINT('',#3322);
#1043=VERTEX_POINT('',#3326);
#1044=VERTEX_POINT('',#3328);
#1045=VERTEX_POINT('',#3332);
#1046=VERTEX_POINT('',#3334);
#1047=VERTEX_POINT('',#3338);
#1048=VERTEX_POINT('',#3340);
#1049=VERTEX_POINT('',#3344);
#1050=VERTEX_POINT('',#3346);
#1051=VERTEX_POINT('',#3350);
#1052=VERTEX_POINT('',#3351);
#1053=VERTEX_POINT('',#3353);
#1054=VERTEX_POINT('',#3355);
#1055=VERTEX_POINT('',#3359);
#1056=VERTEX_POINT('',#3361);
#1057=VERTEX_POINT('',#3365);
#1058=VERTEX_POINT('',#3367);
#1059=VERTEX_POINT('',#3371);
#1060=VERTEX_POINT('',#3373);
#1061=VERTEX_POINT('',#3377);
#1062=VERTEX_POINT('',#3379);
#1063=VERTEX_POINT('',#3383);
#1064=VERTEX_POINT('',#3385);
#1065=VERTEX_POINT('',#3389);
#1066=VERTEX_POINT('',#3391);
#1067=VERTEX_POINT('',#3395);
#1068=VERTEX_POINT('',#3397);
#1069=VERTEX_POINT('',#3401);
#1070=VERTEX_POINT('',#3402);
#1071=VERTEX_POINT('',#3404);
#1072=VERTEX_POINT('',#3406);
#1073=VERTEX_POINT('',#3410);
#1074=VERTEX_POINT('',#3412);
#1075=VERTEX_POINT('',#3416);
#1076=VERTEX_POINT('',#3418);
#1077=VERTEX_POINT('',#3422);
#1078=VERTEX_POINT('',#3423);
#1079=VERTEX_POINT('',#3425);
#1080=VERTEX_POINT('',#3427);
#1081=VERTEX_POINT('',#3431);
#1082=VERTEX_POINT('',#3433);
#1083=VERTEX_POINT('',#3437);
#1084=VERTEX_POINT('',#3439);
#1085=VERTEX_POINT('',#3443);
#1086=VERTEX_POINT('',#3444);
#1087=VERTEX_POINT('',#3446);
#1088=VERTEX_POINT('',#3448);
#1089=VERTEX_POINT('',#3452);
#1090=VERTEX_POINT('',#3453);
#1091=VERTEX_POINT('',#3455);
#1092=VERTEX_POINT('',#3457);
#1093=VERTEX_POINT('',#3461);
#1094=VERTEX_POINT('',#3463);
#1095=VERTEX_POINT('',#3467);
#1096=VERTEX_POINT('',#3469);
#1097=VERTEX_POINT('',#3473);
#1098=VERTEX_POINT('',#3475);
#1099=VERTEX_POINT('',#3479);
#1100=VERTEX_POINT('',#3481);
#1101=VERTEX_POINT('',#3488);
#1102=VERTEX_POINT('',#3489);
#1103=VERTEX_POINT('',#3491);
#1104=VERTEX_POINT('',#3493);
#1105=VERTEX_POINT('',#3497);
#1106=VERTEX_POINT('',#3499);
#1107=VERTEX_POINT('',#3503);
#1108=VERTEX_POINT('',#3505);
#1109=VERTEX_POINT('',#3509);
#1110=VERTEX_POINT('',#3511);
#1111=VERTEX_POINT('',#3515);
#1112=VERTEX_POINT('',#3517);
#1113=VERTEX_POINT('',#3521);
#1114=VERTEX_POINT('',#3523);
#1115=VERTEX_POINT('',#3527);
#1116=VERTEX_POINT('',#3529);
#1117=VERTEX_POINT('',#3533);
#1118=VERTEX_POINT('',#3535);
#1119=VERTEX_POINT('',#3539);
#1120=VERTEX_POINT('',#3541);
#1121=VERTEX_POINT('',#3545);
#1122=VERTEX_POINT('',#3547);
#1123=VERTEX_POINT('',#3551);
#1124=VERTEX_POINT('',#3552);
#1125=VERTEX_POINT('',#3554);
#1126=VERTEX_POINT('',#3556);
#1127=VERTEX_POINT('',#3560);
#1128=VERTEX_POINT('',#3562);
#1129=VERTEX_POINT('',#3566);
#1130=VERTEX_POINT('',#3567);
#1131=VERTEX_POINT('',#3569);
#1132=VERTEX_POINT('',#3571);
#1133=VERTEX_POINT('',#3575);
#1134=VERTEX_POINT('',#3576);
#1135=VERTEX_POINT('',#3578);
#1136=VERTEX_POINT('',#3580);
#1137=VERTEX_POINT('',#3584);
#1138=VERTEX_POINT('',#3586);
#1139=VERTEX_POINT('',#3590);
#1140=VERTEX_POINT('',#3592);
#1141=VERTEX_POINT('',#3599);
#1142=VERTEX_POINT('',#3600);
#1143=VERTEX_POINT('',#3602);
#1144=VERTEX_POINT('',#3604);
#1145=VERTEX_POINT('',#3608);
#1146=VERTEX_POINT('',#3610);
#1147=VERTEX_POINT('',#3614);
#1148=VERTEX_POINT('',#3616);
#1149=VERTEX_POINT('',#3623);
#1150=VERTEX_POINT('',#3624);
#1151=VERTEX_POINT('',#3626);
#1152=VERTEX_POINT('',#3628);
#1153=VERTEX_POINT('',#3632);
#1154=VERTEX_POINT('',#3634);
#1155=VERTEX_POINT('',#3638);
#1156=VERTEX_POINT('',#3640);
#1157=VERTEX_POINT('',#3647);
#1158=VERTEX_POINT('',#3648);
#1159=VERTEX_POINT('',#3650);
#1160=VERTEX_POINT('',#3652);
#1161=VERTEX_POINT('',#3656);
#1162=VERTEX_POINT('',#3658);
#1163=VERTEX_POINT('',#3662);
#1164=VERTEX_POINT('',#3664);
#1165=VERTEX_POINT('',#3671);
#1166=VERTEX_POINT('',#3672);
#1167=VERTEX_POINT('',#3674);
#1168=VERTEX_POINT('',#3676);
#1169=VERTEX_POINT('',#3680);
#1170=VERTEX_POINT('',#3682);
#1171=VERTEX_POINT('',#3686);
#1172=VERTEX_POINT('',#3688);
#1173=VERTEX_POINT('',#3695);
#1174=VERTEX_POINT('',#3696);
#1175=VERTEX_POINT('',#3698);
#1176=VERTEX_POINT('',#3700);
#1177=VERTEX_POINT('',#3704);
#1178=VERTEX_POINT('',#3706);
#1179=VERTEX_POINT('',#3710);
#1180=VERTEX_POINT('',#3712);
#1181=VERTEX_POINT('',#3719);
#1182=VERTEX_POINT('',#3720);
#1183=VERTEX_POINT('',#3722);
#1184=VERTEX_POINT('',#3724);
#1185=VERTEX_POINT('',#3728);
#1186=VERTEX_POINT('',#3730);
#1187=VERTEX_POINT('',#3734);
#1188=VERTEX_POINT('',#3736);
#1189=EDGE_CURVE('',#947,#948,#349,.T.);
#1190=EDGE_CURVE('',#947,#949,#350,.T.);
#1191=EDGE_CURVE('',#950,#949,#351,.T.);
#1192=EDGE_CURVE('',#948,#950,#352,.T.);
#1193=EDGE_CURVE('',#951,#948,#50,.T.);
#1194=EDGE_CURVE('',#952,#950,#51,.T.);
#1195=EDGE_CURVE('',#951,#952,#353,.T.);
#1196=EDGE_CURVE('',#953,#951,#354,.T.);
#1197=EDGE_CURVE('',#954,#952,#355,.T.);
#1198=EDGE_CURVE('',#953,#954,#356,.T.);
#1199=EDGE_CURVE('',#955,#953,#357,.T.);
#1200=EDGE_CURVE('',#956,#954,#358,.T.);
#1201=EDGE_CURVE('',#955,#956,#359,.T.);
#1202=EDGE_CURVE('',#957,#955,#360,.T.);
#1203=EDGE_CURVE('',#958,#956,#361,.T.);
#1204=EDGE_CURVE('',#957,#958,#362,.T.);
#1205=EDGE_CURVE('',#959,#957,#363,.T.);
#1206=EDGE_CURVE('',#960,#958,#364,.T.);
#1207=EDGE_CURVE('',#959,#960,#365,.T.);
#1208=EDGE_CURVE('',#961,#959,#366,.T.);
#1209=EDGE_CURVE('',#962,#960,#367,.T.);
#1210=EDGE_CURVE('',#961,#962,#368,.T.);
#1211=EDGE_CURVE('',#963,#961,#369,.T.);
#1212=EDGE_CURVE('',#964,#962,#370,.T.);
#1213=EDGE_CURVE('',#963,#964,#371,.T.);
#1214=EDGE_CURVE('',#965,#963,#372,.T.);
#1215=EDGE_CURVE('',#966,#964,#373,.T.);
#1216=EDGE_CURVE('',#965,#966,#374,.T.);
#1217=EDGE_CURVE('',#967,#965,#375,.T.);
#1218=EDGE_CURVE('',#968,#966,#376,.T.);
#1219=EDGE_CURVE('',#967,#968,#377,.T.);
#1220=EDGE_CURVE('',#969,#967,#378,.T.);
#1221=EDGE_CURVE('',#970,#968,#379,.T.);
#1222=EDGE_CURVE('',#969,#970,#380,.T.);
#1223=EDGE_CURVE('',#971,#969,#381,.T.);
#1224=EDGE_CURVE('',#972,#970,#382,.T.);
#1225=EDGE_CURVE('',#971,#972,#383,.T.);
#1226=EDGE_CURVE('',#973,#971,#384,.T.);
#1227=EDGE_CURVE('',#974,#972,#385,.T.);
#1228=EDGE_CURVE('',#973,#974,#386,.T.);
#1229=EDGE_CURVE('',#975,#973,#387,.T.);
#1230=EDGE_CURVE('',#976,#974,#388,.T.);
#1231=EDGE_CURVE('',#975,#976,#389,.T.);
#1232=EDGE_CURVE('',#977,#975,#390,.T.);
#1233=EDGE_CURVE('',#978,#976,#391,.T.);
#1234=EDGE_CURVE('',#977,#978,#392,.T.);
#1235=EDGE_CURVE('',#979,#977,#393,.T.);
#1236=EDGE_CURVE('',#980,#978,#394,.T.);
#1237=EDGE_CURVE('',#979,#980,#395,.T.);
#1238=EDGE_CURVE('',#981,#979,#396,.T.);
#1239=EDGE_CURVE('',#982,#980,#397,.T.);
#1240=EDGE_CURVE('',#981,#982,#398,.T.);
#1241=EDGE_CURVE('',#983,#981,#399,.T.);
#1242=EDGE_CURVE('',#984,#982,#400,.T.);
#1243=EDGE_CURVE('',#983,#984,#401,.T.);
#1244=EDGE_CURVE('',#985,#983,#402,.T.);
#1245=EDGE_CURVE('',#986,#984,#403,.T.);
#1246=EDGE_CURVE('',#985,#986,#404,.T.);
#1247=EDGE_CURVE('',#987,#985,#405,.T.);
#1248=EDGE_CURVE('',#988,#986,#406,.T.);
#1249=EDGE_CURVE('',#987,#988,#407,.T.);
#1250=EDGE_CURVE('',#987,#989,#408,.T.);
#1251=EDGE_CURVE('',#990,#988,#409,.T.);
#1252=EDGE_CURVE('',#989,#990,#410,.T.);
#1253=EDGE_CURVE('',#989,#991,#411,.T.);
#1254=EDGE_CURVE('',#992,#990,#412,.T.);
#1255=EDGE_CURVE('',#991,#992,#413,.T.);
#1256=EDGE_CURVE('',#991,#993,#414,.T.);
#1257=EDGE_CURVE('',#994,#992,#415,.T.);
#1258=EDGE_CURVE('',#993,#994,#416,.T.);
#1259=EDGE_CURVE('',#993,#995,#417,.T.);
#1260=EDGE_CURVE('',#996,#994,#418,.T.);
#1261=EDGE_CURVE('',#995,#996,#419,.T.);
#1262=EDGE_CURVE('',#995,#997,#420,.T.);
#1263=EDGE_CURVE('',#998,#996,#421,.T.);
#1264=EDGE_CURVE('',#997,#998,#422,.T.);
#1265=EDGE_CURVE('',#947,#999,#423,.T.);
#1266=EDGE_CURVE('',#999,#1000,#424,.T.);
#1267=EDGE_CURVE('',#949,#1000,#425,.T.);
#1268=EDGE_CURVE('',#1001,#1002,#52,.T.);
#1269=EDGE_CURVE('',#1002,#1003,#426,.T.);
#1270=EDGE_CURVE('',#1004,#1003,#53,.T.);
#1271=EDGE_CURVE('',#1001,#1004,#427,.T.);
#1272=EDGE_CURVE('',#1005,#1001,#54,.T.);
#1273=EDGE_CURVE('',#1006,#1004,#55,.T.);
#1274=EDGE_CURVE('',#1005,#1006,#428,.T.);
#1275=EDGE_CURVE('',#1007,#1005,#56,.T.);
#1276=EDGE_CURVE('',#1008,#1006,#57,.T.);
#1277=EDGE_CURVE('',#1007,#1008,#429,.T.);
#1278=EDGE_CURVE('',#1002,#1007,#58,.T.);
#1279=EDGE_CURVE('',#1003,#1008,#59,.T.);
#1280=EDGE_CURVE('',#1009,#1010,#60,.T.);
#1281=EDGE_CURVE('',#1010,#1011,#430,.T.);
#1282=EDGE_CURVE('',#1012,#1011,#61,.T.);
#1283=EDGE_CURVE('',#1009,#1012,#431,.T.);
#1284=EDGE_CURVE('',#1013,#1009,#62,.T.);
#1285=EDGE_CURVE('',#1014,#1012,#63,.T.);
#1286=EDGE_CURVE('',#1013,#1014,#432,.T.);
#1287=EDGE_CURVE('',#1015,#1013,#64,.T.);
#1288=EDGE_CURVE('',#1016,#1014,#65,.T.);
#1289=EDGE_CURVE('',#1015,#1016,#433,.T.);
#1290=EDGE_CURVE('',#1017,#1018,#66,.T.);
#1291=EDGE_CURVE('',#1018,#1019,#434,.T.);
#1292=EDGE_CURVE('',#1020,#1019,#67,.T.);
#1293=EDGE_CURVE('',#1017,#1020,#435,.T.);
#1294=EDGE_CURVE('',#1018,#1017,#68,.T.);
#1295=EDGE_CURVE('',#1019,#1020,#69,.T.);
#1296=EDGE_CURVE('',#1021,#1021,#70,.T.);
#1297=EDGE_CURVE('',#1021,#1022,#436,.T.);
#1298=EDGE_CURVE('',#1022,#1022,#71,.T.);
#1299=EDGE_CURVE('',#1023,#1023,#72,.T.);
#1300=EDGE_CURVE('',#1023,#1024,#437,.T.);
#1301=EDGE_CURVE('',#1024,#1024,#73,.T.);
#1302=EDGE_CURVE('',#1025,#1025,#74,.T.);
#1303=EDGE_CURVE('',#1025,#1026,#438,.T.);
#1304=EDGE_CURVE('',#1026,#1026,#75,.T.);
#1305=EDGE_CURVE('',#1027,#1028,#76,.T.);
#1306=EDGE_CURVE('',#1028,#1029,#439,.T.);
#1307=EDGE_CURVE('',#1030,#1029,#77,.T.);
#1308=EDGE_CURVE('',#1027,#1030,#440,.T.);
#1309=EDGE_CURVE('',#1031,#1031,#78,.T.);
#1310=EDGE_CURVE('',#1031,#1032,#441,.T.);
#1311=EDGE_CURVE('',#1032,#1032,#79,.T.);
#1312=EDGE_CURVE('',#1033,#1034,#442,.T.);
#1313=EDGE_CURVE('',#1033,#1035,#443,.T.);
#1314=EDGE_CURVE('',#1036,#1035,#444,.T.);
#1315=EDGE_CURVE('',#1034,#1036,#445,.T.);
#1316=EDGE_CURVE('',#1034,#1037,#446,.T.);
#1317=EDGE_CURVE('',#1038,#1036,#447,.T.);
#1318=EDGE_CURVE('',#1037,#1038,#448,.T.);
#1319=EDGE_CURVE('',#1037,#1039,#449,.T.);
#1320=EDGE_CURVE('',#1040,#1038,#450,.T.);
#1321=EDGE_CURVE('',#1039,#1040,#451,.T.);
#1322=EDGE_CURVE('',#1039,#1041,#452,.T.);
#1323=EDGE_CURVE('',#1042,#1040,#453,.T.);
#1324=EDGE_CURVE('',#1041,#1042,#454,.T.);
#1325=EDGE_CURVE('',#1041,#1043,#455,.T.);
#1326=EDGE_CURVE('',#1044,#1042,#456,.T.);
#1327=EDGE_CURVE('',#1043,#1044,#457,.T.);
#1328=EDGE_CURVE('',#1043,#1045,#458,.T.);
#1329=EDGE_CURVE('',#1046,#1044,#459,.T.);
#1330=EDGE_CURVE('',#1045,#1046,#460,.T.);
#1331=EDGE_CURVE('',#1045,#1047,#461,.T.);
#1332=EDGE_CURVE('',#1048,#1046,#462,.T.);
#1333=EDGE_CURVE('',#1047,#1048,#463,.T.);
#1334=EDGE_CURVE('',#1049,#1033,#464,.T.);
#1335=EDGE_CURVE('',#1049,#1050,#465,.T.);
#1336=EDGE_CURVE('',#1035,#1050,#466,.T.);
#1337=EDGE_CURVE('',#1051,#1052,#467,.T.);
#1338=EDGE_CURVE('',#1052,#1053,#468,.T.);
#1339=EDGE_CURVE('',#1054,#1053,#469,.T.);
#1340=EDGE_CURVE('',#1051,#1054,#470,.T.);
#1341=EDGE_CURVE('',#1055,#1051,#471,.T.);
#1342=EDGE_CURVE('',#1056,#1054,#472,.T.);
#1343=EDGE_CURVE('',#1055,#1056,#473,.T.);
#1344=EDGE_CURVE('',#1057,#1055,#474,.T.);
#1345=EDGE_CURVE('',#1058,#1056,#475,.T.);
#1346=EDGE_CURVE('',#1057,#1058,#476,.T.);
#1347=EDGE_CURVE('',#1059,#1057,#477,.T.);
#1348=EDGE_CURVE('',#1060,#1058,#478,.T.);
#1349=EDGE_CURVE('',#1059,#1060,#479,.T.);
#1350=EDGE_CURVE('',#1061,#1059,#480,.T.);
#1351=EDGE_CURVE('',#1062,#1060,#481,.T.);
#1352=EDGE_CURVE('',#1061,#1062,#482,.T.);
#1353=EDGE_CURVE('',#1063,#1061,#483,.T.);
#1354=EDGE_CURVE('',#1064,#1062,#484,.T.);
#1355=EDGE_CURVE('',#1063,#1064,#485,.T.);
#1356=EDGE_CURVE('',#1065,#1063,#486,.T.);
#1357=EDGE_CURVE('',#1066,#1064,#487,.T.);
#1358=EDGE_CURVE('',#1065,#1066,#488,.T.);
#1359=EDGE_CURVE('',#1067,#1065,#489,.T.);
#1360=EDGE_CURVE('',#1068,#1066,#490,.T.);
#1361=EDGE_CURVE('',#1067,#1068,#491,.T.);
#1362=EDGE_CURVE('',#1069,#1070,#80,.T.);
#1363=EDGE_CURVE('',#1070,#1071,#492,.T.);
#1364=EDGE_CURVE('',#1072,#1071,#81,.T.);
#1365=EDGE_CURVE('',#1069,#1072,#493,.T.);
#1366=EDGE_CURVE('',#1073,#1069,#494,.T.);
#1367=EDGE_CURVE('',#1074,#1072,#495,.T.);
#1368=EDGE_CURVE('',#1073,#1074,#496,.T.);
#1369=EDGE_CURVE('',#1075,#1070,#497,.T.);
#1370=EDGE_CURVE('',#1075,#1076,#498,.T.);
#1371=EDGE_CURVE('',#1071,#1076,#499,.T.);
#1372=EDGE_CURVE('',#1077,#1078,#82,.T.);
#1373=EDGE_CURVE('',#1078,#1079,#500,.T.);
#1374=EDGE_CURVE('',#1080,#1079,#83,.T.);
#1375=EDGE_CURVE('',#1077,#1080,#501,.T.);
#1376=EDGE_CURVE('',#1077,#1081,#84,.T.);
#1377=EDGE_CURVE('',#1082,#1080,#85,.T.);
#1378=EDGE_CURVE('',#1081,#1082,#502,.T.);
#1379=EDGE_CURVE('',#1078,#1083,#86,.T.);
#1380=EDGE_CURVE('',#1083,#1084,#503,.T.);
#1381=EDGE_CURVE('',#1079,#1084,#87,.T.);
#1382=EDGE_CURVE('',#1085,#1086,#88,.T.);
#1383=EDGE_CURVE('',#1086,#1087,#504,.T.);
#1384=EDGE_CURVE('',#1088,#1087,#89,.T.);
#1385=EDGE_CURVE('',#1085,#1088,#505,.T.);
#1386=EDGE_CURVE('',#1089,#1090,#506,.T.);
#1387=EDGE_CURVE('',#1090,#1091,#507,.T.);
#1388=EDGE_CURVE('',#1092,#1091,#508,.T.);
#1389=EDGE_CURVE('',#1089,#1092,#509,.T.);
#1390=EDGE_CURVE('',#1093,#1089,#510,.T.);
#1391=EDGE_CURVE('',#1094,#1092,#511,.T.);
#1392=EDGE_CURVE('',#1093,#1094,#512,.T.);
#1393=EDGE_CURVE('',#1095,#1093,#513,.T.);
#1394=EDGE_CURVE('',#1096,#1094,#514,.T.);
#1395=EDGE_CURVE('',#1095,#1096,#515,.T.);
#1396=EDGE_CURVE('',#1097,#1095,#516,.T.);
#1397=EDGE_CURVE('',#1098,#1096,#517,.T.);
#1398=EDGE_CURVE('',#1097,#1098,#518,.T.);
#1399=EDGE_CURVE('',#1099,#1097,#519,.T.);
#1400=EDGE_CURVE('',#1100,#1098,#520,.T.);
#1401=EDGE_CURVE('',#1099,#1100,#521,.T.);
#1402=EDGE_CURVE('',#1090,#1099,#522,.T.);
#1403=EDGE_CURVE('',#1091,#1100,#523,.T.);
#1404=EDGE_CURVE('',#1101,#1102,#524,.T.);
#1405=EDGE_CURVE('',#1102,#1103,#525,.T.);
#1406=EDGE_CURVE('',#1104,#1103,#526,.T.);
#1407=EDGE_CURVE('',#1101,#1104,#527,.T.);
#1408=EDGE_CURVE('',#1105,#1101,#528,.T.);
#1409=EDGE_CURVE('',#1106,#1104,#529,.T.);
#1410=EDGE_CURVE('',#1105,#1106,#530,.T.);
#1411=EDGE_CURVE('',#1107,#1105,#531,.T.);
#1412=EDGE_CURVE('',#1108,#1106,#532,.T.);
#1413=EDGE_CURVE('',#1107,#1108,#533,.T.);
#1414=EDGE_CURVE('',#1107,#1109,#534,.T.);
#1415=EDGE_CURVE('',#1110,#1108,#535,.T.);
#1416=EDGE_CURVE('',#1109,#1110,#536,.T.);
#1417=EDGE_CURVE('',#1109,#1111,#537,.T.);
#1418=EDGE_CURVE('',#1112,#1110,#538,.T.);
#1419=EDGE_CURVE('',#1111,#1112,#539,.T.);
#1420=EDGE_CURVE('',#1111,#1113,#540,.T.);
#1421=EDGE_CURVE('',#1114,#1112,#541,.T.);
#1422=EDGE_CURVE('',#1113,#1114,#542,.T.);
#1423=EDGE_CURVE('',#1113,#1115,#543,.T.);
#1424=EDGE_CURVE('',#1116,#1114,#544,.T.);
#1425=EDGE_CURVE('',#1115,#1116,#545,.T.);
#1426=EDGE_CURVE('',#1115,#1117,#546,.T.);
#1427=EDGE_CURVE('',#1118,#1116,#547,.T.);
#1428=EDGE_CURVE('',#1117,#1118,#548,.T.);
#1429=EDGE_CURVE('',#1117,#1119,#549,.T.);
#1430=EDGE_CURVE('',#1120,#1118,#550,.T.);
#1431=EDGE_CURVE('',#1119,#1120,#551,.T.);
#1432=EDGE_CURVE('',#1121,#1102,#90,.T.);
#1433=EDGE_CURVE('',#1121,#1122,#552,.T.);
#1434=EDGE_CURVE('',#1103,#1122,#91,.T.);
#1435=EDGE_CURVE('',#1123,#1124,#553,.T.);
#1436=EDGE_CURVE('',#1123,#1125,#554,.T.);
#1437=EDGE_CURVE('',#1126,#1125,#555,.T.);
#1438=EDGE_CURVE('',#1124,#1126,#556,.T.);
#1439=EDGE_CURVE('',#1127,#1123,#557,.T.);
#1440=EDGE_CURVE('',#1127,#1128,#558,.T.);
#1441=EDGE_CURVE('',#1125,#1128,#559,.T.);
#1442=EDGE_CURVE('',#1129,#1130,#560,.T.);
#1443=EDGE_CURVE('',#1130,#1131,#561,.T.);
#1444=EDGE_CURVE('',#1132,#1131,#562,.T.);
#1445=EDGE_CURVE('',#1129,#1132,#563,.T.);
#1446=EDGE_CURVE('',#1133,#1134,#564,.T.);
#1447=EDGE_CURVE('',#1133,#1135,#565,.T.);
#1448=EDGE_CURVE('',#1136,#1135,#566,.T.);
#1449=EDGE_CURVE('',#1134,#1136,#567,.T.);
#1450=EDGE_CURVE('',#1134,#1137,#568,.T.);
#1451=EDGE_CURVE('',#1138,#1136,#569,.T.);
#1452=EDGE_CURVE('',#1137,#1138,#570,.T.);
#1453=EDGE_CURVE('',#1137,#1139,#571,.T.);
#1454=EDGE_CURVE('',#1140,#1138,#572,.T.);
#1455=EDGE_CURVE('',#1139,#1140,#573,.T.);
#1456=EDGE_CURVE('',#1139,#1133,#574,.T.);
#1457=EDGE_CURVE('',#1135,#1140,#575,.T.);
#1458=EDGE_CURVE('',#1141,#1142,#576,.T.);
#1459=EDGE_CURVE('',#1141,#1143,#577,.T.);
#1460=EDGE_CURVE('',#1144,#1143,#578,.T.);
#1461=EDGE_CURVE('',#1142,#1144,#579,.T.);
#1462=EDGE_CURVE('',#1142,#1145,#580,.T.);
#1463=EDGE_CURVE('',#1146,#1144,#581,.T.);
#1464=EDGE_CURVE('',#1145,#1146,#582,.T.);
#1465=EDGE_CURVE('',#1145,#1147,#583,.T.);
#1466=EDGE_CURVE('',#1148,#1146,#584,.T.);
#1467=EDGE_CURVE('',#1147,#1148,#585,.T.);
#1468=EDGE_CURVE('',#1147,#1141,#586,.T.);
#1469=EDGE_CURVE('',#1143,#1148,#587,.T.);
#1470=EDGE_CURVE('',#1149,#1150,#588,.T.);
#1471=EDGE_CURVE('',#1149,#1151,#589,.T.);
#1472=EDGE_CURVE('',#1152,#1151,#590,.T.);
#1473=EDGE_CURVE('',#1150,#1152,#591,.T.);
#1474=EDGE_CURVE('',#1150,#1153,#592,.T.);
#1475=EDGE_CURVE('',#1154,#1152,#593,.T.);
#1476=EDGE_CURVE('',#1153,#1154,#594,.T.);
#1477=EDGE_CURVE('',#1153,#1155,#595,.T.);
#1478=EDGE_CURVE('',#1156,#1154,#596,.T.);
#1479=EDGE_CURVE('',#1155,#1156,#597,.T.);
#1480=EDGE_CURVE('',#1155,#1149,#598,.T.);
#1481=EDGE_CURVE('',#1151,#1156,#599,.T.);
#1482=EDGE_CURVE('',#1157,#1158,#600,.T.);
#1483=EDGE_CURVE('',#1157,#1159,#601,.T.);
#1484=EDGE_CURVE('',#1160,#1159,#602,.T.);
#1485=EDGE_CURVE('',#1158,#1160,#603,.T.);
#1486=EDGE_CURVE('',#1158,#1161,#604,.T.);
#1487=EDGE_CURVE('',#1162,#1160,#605,.T.);
#1488=EDGE_CURVE('',#1161,#1162,#606,.T.);
#1489=EDGE_CURVE('',#1161,#1163,#607,.T.);
#1490=EDGE_CURVE('',#1164,#1162,#608,.T.);
#1491=EDGE_CURVE('',#1163,#1164,#609,.T.);
#1492=EDGE_CURVE('',#1163,#1157,#610,.T.);
#1493=EDGE_CURVE('',#1159,#1164,#611,.T.);
#1494=EDGE_CURVE('',#1165,#1166,#612,.T.);
#1495=EDGE_CURVE('',#1165,#1167,#613,.T.);
#1496=EDGE_CURVE('',#1168,#1167,#614,.T.);
#1497=EDGE_CURVE('',#1166,#1168,#615,.T.);
#1498=EDGE_CURVE('',#1166,#1169,#616,.T.);
#1499=EDGE_CURVE('',#1170,#1168,#617,.T.);
#1500=EDGE_CURVE('',#1169,#1170,#618,.T.);
#1501=EDGE_CURVE('',#1169,#1171,#619,.T.);
#1502=EDGE_CURVE('',#1172,#1170,#620,.T.);
#1503=EDGE_CURVE('',#1171,#1172,#621,.T.);
#1504=EDGE_CURVE('',#1171,#1165,#622,.T.);
#1505=EDGE_CURVE('',#1167,#1172,#623,.T.);
#1506=EDGE_CURVE('',#1173,#1174,#624,.T.);
#1507=EDGE_CURVE('',#1173,#1175,#625,.T.);
#1508=EDGE_CURVE('',#1176,#1175,#626,.T.);
#1509=EDGE_CURVE('',#1174,#1176,#627,.T.);
#1510=EDGE_CURVE('',#1174,#1177,#628,.T.);
#1511=EDGE_CURVE('',#1178,#1176,#629,.T.);
#1512=EDGE_CURVE('',#1177,#1178,#630,.T.);
#1513=EDGE_CURVE('',#1177,#1179,#631,.T.);
#1514=EDGE_CURVE('',#1180,#1178,#632,.T.);
#1515=EDGE_CURVE('',#1179,#1180,#633,.T.);
#1516=EDGE_CURVE('',#1179,#1173,#634,.T.);
#1517=EDGE_CURVE('',#1175,#1180,#635,.T.);
#1518=EDGE_CURVE('',#1181,#1182,#636,.T.);
#1519=EDGE_CURVE('',#1181,#1183,#637,.T.);
#1520=EDGE_CURVE('',#1184,#1183,#638,.T.);
#1521=EDGE_CURVE('',#1182,#1184,#639,.T.);
#1522=EDGE_CURVE('',#1182,#1185,#640,.T.);
#1523=EDGE_CURVE('',#1186,#1184,#641,.T.);
#1524=EDGE_CURVE('',#1185,#1186,#642,.T.);
#1525=EDGE_CURVE('',#1185,#1187,#643,.T.);
#1526=EDGE_CURVE('',#1188,#1186,#644,.T.);
#1527=EDGE_CURVE('',#1187,#1188,#645,.T.);
#1528=EDGE_CURVE('',#1187,#1181,#646,.T.);
#1529=EDGE_CURVE('',#1183,#1188,#647,.T.);
#1530=ORIENTED_EDGE('',*,*,#1189,.F.);
#1531=ORIENTED_EDGE('',*,*,#1190,.T.);
#1532=ORIENTED_EDGE('',*,*,#1191,.F.);
#1533=ORIENTED_EDGE('',*,*,#1192,.F.);
#1534=ORIENTED_EDGE('',*,*,#1193,.T.);
#1535=ORIENTED_EDGE('',*,*,#1192,.T.);
#1536=ORIENTED_EDGE('',*,*,#1194,.F.);
#1537=ORIENTED_EDGE('',*,*,#1195,.F.);
#1538=ORIENTED_EDGE('',*,*,#1196,.T.);
#1539=ORIENTED_EDGE('',*,*,#1195,.T.);
#1540=ORIENTED_EDGE('',*,*,#1197,.F.);
#1541=ORIENTED_EDGE('',*,*,#1198,.F.);
#1542=ORIENTED_EDGE('',*,*,#1199,.T.);
#1543=ORIENTED_EDGE('',*,*,#1198,.T.);
#1544=ORIENTED_EDGE('',*,*,#1200,.F.);
#1545=ORIENTED_EDGE('',*,*,#1201,.F.);
#1546=ORIENTED_EDGE('',*,*,#1202,.T.);
#1547=ORIENTED_EDGE('',*,*,#1201,.T.);
#1548=ORIENTED_EDGE('',*,*,#1203,.F.);
#1549=ORIENTED_EDGE('',*,*,#1204,.F.);
#1550=ORIENTED_EDGE('',*,*,#1205,.T.);
#1551=ORIENTED_EDGE('',*,*,#1204,.T.);
#1552=ORIENTED_EDGE('',*,*,#1206,.F.);
#1553=ORIENTED_EDGE('',*,*,#1207,.F.);
#1554=ORIENTED_EDGE('',*,*,#1208,.T.);
#1555=ORIENTED_EDGE('',*,*,#1207,.T.);
#1556=ORIENTED_EDGE('',*,*,#1209,.F.);
#1557=ORIENTED_EDGE('',*,*,#1210,.F.);
#1558=ORIENTED_EDGE('',*,*,#1211,.T.);
#1559=ORIENTED_EDGE('',*,*,#1210,.T.);
#1560=ORIENTED_EDGE('',*,*,#1212,.F.);
#1561=ORIENTED_EDGE('',*,*,#1213,.F.);
#1562=ORIENTED_EDGE('',*,*,#1214,.T.);
#1563=ORIENTED_EDGE('',*,*,#1213,.T.);
#1564=ORIENTED_EDGE('',*,*,#1215,.F.);
#1565=ORIENTED_EDGE('',*,*,#1216,.F.);
#1566=ORIENTED_EDGE('',*,*,#1217,.T.);
#1567=ORIENTED_EDGE('',*,*,#1216,.T.);
#1568=ORIENTED_EDGE('',*,*,#1218,.F.);
#1569=ORIENTED_EDGE('',*,*,#1219,.F.);
#1570=ORIENTED_EDGE('',*,*,#1220,.T.);
#1571=ORIENTED_EDGE('',*,*,#1219,.T.);
#1572=ORIENTED_EDGE('',*,*,#1221,.F.);
#1573=ORIENTED_EDGE('',*,*,#1222,.F.);
#1574=ORIENTED_EDGE('',*,*,#1223,.T.);
#1575=ORIENTED_EDGE('',*,*,#1222,.T.);
#1576=ORIENTED_EDGE('',*,*,#1224,.F.);
#1577=ORIENTED_EDGE('',*,*,#1225,.F.);
#1578=ORIENTED_EDGE('',*,*,#1226,.T.);
#1579=ORIENTED_EDGE('',*,*,#1225,.T.);
#1580=ORIENTED_EDGE('',*,*,#1227,.F.);
#1581=ORIENTED_EDGE('',*,*,#1228,.F.);
#1582=ORIENTED_EDGE('',*,*,#1229,.T.);
#1583=ORIENTED_EDGE('',*,*,#1228,.T.);
#1584=ORIENTED_EDGE('',*,*,#1230,.F.);
#1585=ORIENTED_EDGE('',*,*,#1231,.F.);
#1586=ORIENTED_EDGE('',*,*,#1232,.T.);
#1587=ORIENTED_EDGE('',*,*,#1231,.T.);
#1588=ORIENTED_EDGE('',*,*,#1233,.F.);
#1589=ORIENTED_EDGE('',*,*,#1234,.F.);
#1590=ORIENTED_EDGE('',*,*,#1235,.T.);
#1591=ORIENTED_EDGE('',*,*,#1234,.T.);
#1592=ORIENTED_EDGE('',*,*,#1236,.F.);
#1593=ORIENTED_EDGE('',*,*,#1237,.F.);
#1594=ORIENTED_EDGE('',*,*,#1238,.T.);
#1595=ORIENTED_EDGE('',*,*,#1237,.T.);
#1596=ORIENTED_EDGE('',*,*,#1239,.F.);
#1597=ORIENTED_EDGE('',*,*,#1240,.F.);
#1598=ORIENTED_EDGE('',*,*,#1241,.T.);
#1599=ORIENTED_EDGE('',*,*,#1240,.T.);
#1600=ORIENTED_EDGE('',*,*,#1242,.F.);
#1601=ORIENTED_EDGE('',*,*,#1243,.F.);
#1602=ORIENTED_EDGE('',*,*,#1244,.T.);
#1603=ORIENTED_EDGE('',*,*,#1243,.T.);
#1604=ORIENTED_EDGE('',*,*,#1245,.F.);
#1605=ORIENTED_EDGE('',*,*,#1246,.F.);
#1606=ORIENTED_EDGE('',*,*,#1247,.T.);
#1607=ORIENTED_EDGE('',*,*,#1246,.T.);
#1608=ORIENTED_EDGE('',*,*,#1248,.F.);
#1609=ORIENTED_EDGE('',*,*,#1249,.F.);
#1610=ORIENTED_EDGE('',*,*,#1250,.F.);
#1611=ORIENTED_EDGE('',*,*,#1249,.T.);
#1612=ORIENTED_EDGE('',*,*,#1251,.F.);
#1613=ORIENTED_EDGE('',*,*,#1252,.F.);
#1614=ORIENTED_EDGE('',*,*,#1253,.F.);
#1615=ORIENTED_EDGE('',*,*,#1252,.T.);
#1616=ORIENTED_EDGE('',*,*,#1254,.F.);
#1617=ORIENTED_EDGE('',*,*,#1255,.F.);
#1618=ORIENTED_EDGE('',*,*,#1256,.F.);
#1619=ORIENTED_EDGE('',*,*,#1255,.T.);
#1620=ORIENTED_EDGE('',*,*,#1257,.F.);
#1621=ORIENTED_EDGE('',*,*,#1258,.F.);
#1622=ORIENTED_EDGE('',*,*,#1259,.F.);
#1623=ORIENTED_EDGE('',*,*,#1258,.T.);
#1624=ORIENTED_EDGE('',*,*,#1260,.F.);
#1625=ORIENTED_EDGE('',*,*,#1261,.F.);
#1626=ORIENTED_EDGE('',*,*,#1262,.F.);
#1627=ORIENTED_EDGE('',*,*,#1261,.T.);
#1628=ORIENTED_EDGE('',*,*,#1263,.F.);
#1629=ORIENTED_EDGE('',*,*,#1264,.F.);
#1630=ORIENTED_EDGE('',*,*,#1265,.T.);
#1631=ORIENTED_EDGE('',*,*,#1266,.T.);
#1632=ORIENTED_EDGE('',*,*,#1267,.F.);
#1633=ORIENTED_EDGE('',*,*,#1190,.F.);
#1634=ORIENTED_EDGE('',*,*,#1268,.T.);
#1635=ORIENTED_EDGE('',*,*,#1269,.T.);
#1636=ORIENTED_EDGE('',*,*,#1270,.F.);
#1637=ORIENTED_EDGE('',*,*,#1271,.F.);
#1638=ORIENTED_EDGE('',*,*,#1272,.T.);
#1639=ORIENTED_EDGE('',*,*,#1271,.T.);
#1640=ORIENTED_EDGE('',*,*,#1273,.F.);
#1641=ORIENTED_EDGE('',*,*,#1274,.F.);
#1642=ORIENTED_EDGE('',*,*,#1275,.T.);
#1643=ORIENTED_EDGE('',*,*,#1274,.T.);
#1644=ORIENTED_EDGE('',*,*,#1276,.F.);
#1645=ORIENTED_EDGE('',*,*,#1277,.F.);
#1646=ORIENTED_EDGE('',*,*,#1278,.T.);
#1647=ORIENTED_EDGE('',*,*,#1277,.T.);
#1648=ORIENTED_EDGE('',*,*,#1279,.F.);
#1649=ORIENTED_EDGE('',*,*,#1269,.F.);
#1650=ORIENTED_EDGE('',*,*,#1280,.T.);
#1651=ORIENTED_EDGE('',*,*,#1281,.T.);
#1652=ORIENTED_EDGE('',*,*,#1282,.F.);
#1653=ORIENTED_EDGE('',*,*,#1283,.F.);
#1654=ORIENTED_EDGE('',*,*,#1284,.T.);
#1655=ORIENTED_EDGE('',*,*,#1283,.T.);
#1656=ORIENTED_EDGE('',*,*,#1285,.F.);
#1657=ORIENTED_EDGE('',*,*,#1286,.F.);
#1658=ORIENTED_EDGE('',*,*,#1287,.T.);
#1659=ORIENTED_EDGE('',*,*,#1286,.T.);
#1660=ORIENTED_EDGE('',*,*,#1288,.F.);
#1661=ORIENTED_EDGE('',*,*,#1289,.F.);
#1662=ORIENTED_EDGE('',*,*,#1290,.T.);
#1663=ORIENTED_EDGE('',*,*,#1291,.T.);
#1664=ORIENTED_EDGE('',*,*,#1292,.F.);
#1665=ORIENTED_EDGE('',*,*,#1293,.F.);
#1666=ORIENTED_EDGE('',*,*,#1294,.T.);
#1667=ORIENTED_EDGE('',*,*,#1293,.T.);
#1668=ORIENTED_EDGE('',*,*,#1295,.F.);
#1669=ORIENTED_EDGE('',*,*,#1291,.F.);
#1670=ORIENTED_EDGE('',*,*,#1296,.F.);
#1671=ORIENTED_EDGE('',*,*,#1297,.T.);
#1672=ORIENTED_EDGE('',*,*,#1298,.T.);
#1673=ORIENTED_EDGE('',*,*,#1297,.F.);
#1674=ORIENTED_EDGE('',*,*,#1299,.F.);
#1675=ORIENTED_EDGE('',*,*,#1300,.T.);
#1676=ORIENTED_EDGE('',*,*,#1301,.T.);
#1677=ORIENTED_EDGE('',*,*,#1300,.F.);
#1678=ORIENTED_EDGE('',*,*,#1302,.F.);
#1679=ORIENTED_EDGE('',*,*,#1303,.T.);
#1680=ORIENTED_EDGE('',*,*,#1304,.T.);
#1681=ORIENTED_EDGE('',*,*,#1303,.F.);
#1682=ORIENTED_EDGE('',*,*,#1305,.T.);
#1683=ORIENTED_EDGE('',*,*,#1306,.T.);
#1684=ORIENTED_EDGE('',*,*,#1307,.F.);
#1685=ORIENTED_EDGE('',*,*,#1308,.F.);
#1686=ORIENTED_EDGE('',*,*,#1309,.F.);
#1687=ORIENTED_EDGE('',*,*,#1310,.T.);
#1688=ORIENTED_EDGE('',*,*,#1311,.T.);
#1689=ORIENTED_EDGE('',*,*,#1310,.F.);
#1690=ORIENTED_EDGE('',*,*,#1312,.F.);
#1691=ORIENTED_EDGE('',*,*,#1313,.T.);
#1692=ORIENTED_EDGE('',*,*,#1314,.F.);
#1693=ORIENTED_EDGE('',*,*,#1315,.F.);
#1694=ORIENTED_EDGE('',*,*,#1316,.F.);
#1695=ORIENTED_EDGE('',*,*,#1315,.T.);
#1696=ORIENTED_EDGE('',*,*,#1317,.F.);
#1697=ORIENTED_EDGE('',*,*,#1318,.F.);
#1698=ORIENTED_EDGE('',*,*,#1319,.F.);
#1699=ORIENTED_EDGE('',*,*,#1318,.T.);
#1700=ORIENTED_EDGE('',*,*,#1320,.F.);
#1701=ORIENTED_EDGE('',*,*,#1321,.F.);
#1702=ORIENTED_EDGE('',*,*,#1322,.F.);
#1703=ORIENTED_EDGE('',*,*,#1321,.T.);
#1704=ORIENTED_EDGE('',*,*,#1323,.F.);
#1705=ORIENTED_EDGE('',*,*,#1324,.F.);
#1706=ORIENTED_EDGE('',*,*,#1325,.F.);
#1707=ORIENTED_EDGE('',*,*,#1324,.T.);
#1708=ORIENTED_EDGE('',*,*,#1326,.F.);
#1709=ORIENTED_EDGE('',*,*,#1327,.F.);
#1710=ORIENTED_EDGE('',*,*,#1328,.F.);
#1711=ORIENTED_EDGE('',*,*,#1327,.T.);
#1712=ORIENTED_EDGE('',*,*,#1329,.F.);
#1713=ORIENTED_EDGE('',*,*,#1330,.F.);
#1714=ORIENTED_EDGE('',*,*,#1331,.F.);
#1715=ORIENTED_EDGE('',*,*,#1330,.T.);
#1716=ORIENTED_EDGE('',*,*,#1332,.F.);
#1717=ORIENTED_EDGE('',*,*,#1333,.F.);
#1718=ORIENTED_EDGE('',*,*,#1334,.F.);
#1719=ORIENTED_EDGE('',*,*,#1335,.T.);
#1720=ORIENTED_EDGE('',*,*,#1336,.F.);
#1721=ORIENTED_EDGE('',*,*,#1313,.F.);
#1722=ORIENTED_EDGE('',*,*,#1337,.T.);
#1723=ORIENTED_EDGE('',*,*,#1338,.T.);
#1724=ORIENTED_EDGE('',*,*,#1339,.F.);
#1725=ORIENTED_EDGE('',*,*,#1340,.F.);
#1726=ORIENTED_EDGE('',*,*,#1341,.T.);
#1727=ORIENTED_EDGE('',*,*,#1340,.T.);
#1728=ORIENTED_EDGE('',*,*,#1342,.F.);
#1729=ORIENTED_EDGE('',*,*,#1343,.F.);
#1730=ORIENTED_EDGE('',*,*,#1344,.T.);
#1731=ORIENTED_EDGE('',*,*,#1343,.T.);
#1732=ORIENTED_EDGE('',*,*,#1345,.F.);
#1733=ORIENTED_EDGE('',*,*,#1346,.F.);
#1734=ORIENTED_EDGE('',*,*,#1347,.T.);
#1735=ORIENTED_EDGE('',*,*,#1346,.T.);
#1736=ORIENTED_EDGE('',*,*,#1348,.F.);
#1737=ORIENTED_EDGE('',*,*,#1349,.F.);
#1738=ORIENTED_EDGE('',*,*,#1350,.T.);
#1739=ORIENTED_EDGE('',*,*,#1349,.T.);
#1740=ORIENTED_EDGE('',*,*,#1351,.F.);
#1741=ORIENTED_EDGE('',*,*,#1352,.F.);
#1742=ORIENTED_EDGE('',*,*,#1353,.T.);
#1743=ORIENTED_EDGE('',*,*,#1352,.T.);
#1744=ORIENTED_EDGE('',*,*,#1354,.F.);
#1745=ORIENTED_EDGE('',*,*,#1355,.F.);
#1746=ORIENTED_EDGE('',*,*,#1356,.T.);
#1747=ORIENTED_EDGE('',*,*,#1355,.T.);
#1748=ORIENTED_EDGE('',*,*,#1357,.F.);
#1749=ORIENTED_EDGE('',*,*,#1358,.F.);
#1750=ORIENTED_EDGE('',*,*,#1359,.T.);
#1751=ORIENTED_EDGE('',*,*,#1358,.T.);
#1752=ORIENTED_EDGE('',*,*,#1360,.F.);
#1753=ORIENTED_EDGE('',*,*,#1361,.F.);
#1754=ORIENTED_EDGE('',*,*,#1362,.T.);
#1755=ORIENTED_EDGE('',*,*,#1363,.T.);
#1756=ORIENTED_EDGE('',*,*,#1364,.F.);
#1757=ORIENTED_EDGE('',*,*,#1365,.F.);
#1758=ORIENTED_EDGE('',*,*,#1366,.T.);
#1759=ORIENTED_EDGE('',*,*,#1365,.T.);
#1760=ORIENTED_EDGE('',*,*,#1367,.F.);
#1761=ORIENTED_EDGE('',*,*,#1368,.F.);
#1762=ORIENTED_EDGE('',*,*,#1369,.F.);
#1763=ORIENTED_EDGE('',*,*,#1370,.T.);
#1764=ORIENTED_EDGE('',*,*,#1371,.F.);
#1765=ORIENTED_EDGE('',*,*,#1363,.F.);
#1766=ORIENTED_EDGE('',*,*,#1372,.T.);
#1767=ORIENTED_EDGE('',*,*,#1373,.T.);
#1768=ORIENTED_EDGE('',*,*,#1374,.F.);
#1769=ORIENTED_EDGE('',*,*,#1375,.F.);
#1770=ORIENTED_EDGE('',*,*,#1376,.F.);
#1771=ORIENTED_EDGE('',*,*,#1375,.T.);
#1772=ORIENTED_EDGE('',*,*,#1377,.F.);
#1773=ORIENTED_EDGE('',*,*,#1378,.F.);
#1774=ORIENTED_EDGE('',*,*,#1379,.T.);
#1775=ORIENTED_EDGE('',*,*,#1380,.T.);
#1776=ORIENTED_EDGE('',*,*,#1381,.F.);
#1777=ORIENTED_EDGE('',*,*,#1373,.F.);
#1778=ORIENTED_EDGE('',*,*,#1382,.T.);
#1779=ORIENTED_EDGE('',*,*,#1383,.T.);
#1780=ORIENTED_EDGE('',*,*,#1384,.F.);
#1781=ORIENTED_EDGE('',*,*,#1385,.F.);
#1782=ORIENTED_EDGE('',*,*,#1386,.T.);
#1783=ORIENTED_EDGE('',*,*,#1387,.T.);
#1784=ORIENTED_EDGE('',*,*,#1388,.F.);
#1785=ORIENTED_EDGE('',*,*,#1389,.F.);
#1786=ORIENTED_EDGE('',*,*,#1390,.T.);
#1787=ORIENTED_EDGE('',*,*,#1389,.T.);
#1788=ORIENTED_EDGE('',*,*,#1391,.F.);
#1789=ORIENTED_EDGE('',*,*,#1392,.F.);
#1790=ORIENTED_EDGE('',*,*,#1393,.T.);
#1791=ORIENTED_EDGE('',*,*,#1392,.T.);
#1792=ORIENTED_EDGE('',*,*,#1394,.F.);
#1793=ORIENTED_EDGE('',*,*,#1395,.F.);
#1794=ORIENTED_EDGE('',*,*,#1396,.T.);
#1795=ORIENTED_EDGE('',*,*,#1395,.T.);
#1796=ORIENTED_EDGE('',*,*,#1397,.F.);
#1797=ORIENTED_EDGE('',*,*,#1398,.F.);
#1798=ORIENTED_EDGE('',*,*,#1399,.T.);
#1799=ORIENTED_EDGE('',*,*,#1398,.T.);
#1800=ORIENTED_EDGE('',*,*,#1400,.F.);
#1801=ORIENTED_EDGE('',*,*,#1401,.F.);
#1802=ORIENTED_EDGE('',*,*,#1402,.T.);
#1803=ORIENTED_EDGE('',*,*,#1401,.T.);
#1804=ORIENTED_EDGE('',*,*,#1403,.F.);
#1805=ORIENTED_EDGE('',*,*,#1387,.F.);
#1806=ORIENTED_EDGE('',*,*,#1404,.T.);
#1807=ORIENTED_EDGE('',*,*,#1405,.T.);
#1808=ORIENTED_EDGE('',*,*,#1406,.F.);
#1809=ORIENTED_EDGE('',*,*,#1407,.F.);
#1810=ORIENTED_EDGE('',*,*,#1408,.T.);
#1811=ORIENTED_EDGE('',*,*,#1407,.T.);
#1812=ORIENTED_EDGE('',*,*,#1409,.F.);
#1813=ORIENTED_EDGE('',*,*,#1410,.F.);
#1814=ORIENTED_EDGE('',*,*,#1411,.T.);
#1815=ORIENTED_EDGE('',*,*,#1410,.T.);
#1816=ORIENTED_EDGE('',*,*,#1412,.F.);
#1817=ORIENTED_EDGE('',*,*,#1413,.F.);
#1818=ORIENTED_EDGE('',*,*,#1414,.F.);
#1819=ORIENTED_EDGE('',*,*,#1413,.T.);
#1820=ORIENTED_EDGE('',*,*,#1415,.F.);
#1821=ORIENTED_EDGE('',*,*,#1416,.F.);
#1822=ORIENTED_EDGE('',*,*,#1417,.F.);
#1823=ORIENTED_EDGE('',*,*,#1416,.T.);
#1824=ORIENTED_EDGE('',*,*,#1418,.F.);
#1825=ORIENTED_EDGE('',*,*,#1419,.F.);
#1826=ORIENTED_EDGE('',*,*,#1420,.F.);
#1827=ORIENTED_EDGE('',*,*,#1419,.T.);
#1828=ORIENTED_EDGE('',*,*,#1421,.F.);
#1829=ORIENTED_EDGE('',*,*,#1422,.F.);
#1830=ORIENTED_EDGE('',*,*,#1423,.F.);
#1831=ORIENTED_EDGE('',*,*,#1422,.T.);
#1832=ORIENTED_EDGE('',*,*,#1424,.F.);
#1833=ORIENTED_EDGE('',*,*,#1425,.F.);
#1834=ORIENTED_EDGE('',*,*,#1426,.F.);
#1835=ORIENTED_EDGE('',*,*,#1425,.T.);
#1836=ORIENTED_EDGE('',*,*,#1427,.F.);
#1837=ORIENTED_EDGE('',*,*,#1428,.F.);
#1838=ORIENTED_EDGE('',*,*,#1429,.F.);
#1839=ORIENTED_EDGE('',*,*,#1428,.T.);
#1840=ORIENTED_EDGE('',*,*,#1430,.F.);
#1841=ORIENTED_EDGE('',*,*,#1431,.F.);
#1842=ORIENTED_EDGE('',*,*,#1432,.F.);
#1843=ORIENTED_EDGE('',*,*,#1433,.T.);
#1844=ORIENTED_EDGE('',*,*,#1434,.F.);
#1845=ORIENTED_EDGE('',*,*,#1405,.F.);
#1846=ORIENTED_EDGE('',*,*,#1435,.F.);
#1847=ORIENTED_EDGE('',*,*,#1436,.T.);
#1848=ORIENTED_EDGE('',*,*,#1437,.F.);
#1849=ORIENTED_EDGE('',*,*,#1438,.F.);
#1850=ORIENTED_EDGE('',*,*,#1439,.F.);
#1851=ORIENTED_EDGE('',*,*,#1440,.T.);
#1852=ORIENTED_EDGE('',*,*,#1441,.F.);
#1853=ORIENTED_EDGE('',*,*,#1436,.F.);
#1854=ORIENTED_EDGE('',*,*,#1442,.T.);
#1855=ORIENTED_EDGE('',*,*,#1443,.T.);
#1856=ORIENTED_EDGE('',*,*,#1444,.F.);
#1857=ORIENTED_EDGE('',*,*,#1445,.F.);
#1858=ORIENTED_EDGE('',*,*,#1446,.F.);
#1859=ORIENTED_EDGE('',*,*,#1447,.T.);
#1860=ORIENTED_EDGE('',*,*,#1448,.F.);
#1861=ORIENTED_EDGE('',*,*,#1449,.F.);
#1862=ORIENTED_EDGE('',*,*,#1450,.F.);
#1863=ORIENTED_EDGE('',*,*,#1449,.T.);
#1864=ORIENTED_EDGE('',*,*,#1451,.F.);
#1865=ORIENTED_EDGE('',*,*,#1452,.F.);
#1866=ORIENTED_EDGE('',*,*,#1453,.F.);
#1867=ORIENTED_EDGE('',*,*,#1452,.T.);
#1868=ORIENTED_EDGE('',*,*,#1454,.F.);
#1869=ORIENTED_EDGE('',*,*,#1455,.F.);
#1870=ORIENTED_EDGE('',*,*,#1456,.F.);
#1871=ORIENTED_EDGE('',*,*,#1455,.T.);
#1872=ORIENTED_EDGE('',*,*,#1457,.F.);
#1873=ORIENTED_EDGE('',*,*,#1447,.F.);
#1874=ORIENTED_EDGE('',*,*,#1458,.F.);
#1875=ORIENTED_EDGE('',*,*,#1459,.T.);
#1876=ORIENTED_EDGE('',*,*,#1460,.F.);
#1877=ORIENTED_EDGE('',*,*,#1461,.F.);
#1878=ORIENTED_EDGE('',*,*,#1462,.F.);
#1879=ORIENTED_EDGE('',*,*,#1461,.T.);
#1880=ORIENTED_EDGE('',*,*,#1463,.F.);
#1881=ORIENTED_EDGE('',*,*,#1464,.F.);
#1882=ORIENTED_EDGE('',*,*,#1465,.F.);
#1883=ORIENTED_EDGE('',*,*,#1464,.T.);
#1884=ORIENTED_EDGE('',*,*,#1466,.F.);
#1885=ORIENTED_EDGE('',*,*,#1467,.F.);
#1886=ORIENTED_EDGE('',*,*,#1468,.F.);
#1887=ORIENTED_EDGE('',*,*,#1467,.T.);
#1888=ORIENTED_EDGE('',*,*,#1469,.F.);
#1889=ORIENTED_EDGE('',*,*,#1459,.F.);
#1890=ORIENTED_EDGE('',*,*,#1470,.F.);
#1891=ORIENTED_EDGE('',*,*,#1471,.T.);
#1892=ORIENTED_EDGE('',*,*,#1472,.F.);
#1893=ORIENTED_EDGE('',*,*,#1473,.F.);
#1894=ORIENTED_EDGE('',*,*,#1474,.F.);
#1895=ORIENTED_EDGE('',*,*,#1473,.T.);
#1896=ORIENTED_EDGE('',*,*,#1475,.F.);
#1897=ORIENTED_EDGE('',*,*,#1476,.F.);
#1898=ORIENTED_EDGE('',*,*,#1477,.F.);
#1899=ORIENTED_EDGE('',*,*,#1476,.T.);
#1900=ORIENTED_EDGE('',*,*,#1478,.F.);
#1901=ORIENTED_EDGE('',*,*,#1479,.F.);
#1902=ORIENTED_EDGE('',*,*,#1480,.F.);
#1903=ORIENTED_EDGE('',*,*,#1479,.T.);
#1904=ORIENTED_EDGE('',*,*,#1481,.F.);
#1905=ORIENTED_EDGE('',*,*,#1471,.F.);
#1906=ORIENTED_EDGE('',*,*,#1482,.F.);
#1907=ORIENTED_EDGE('',*,*,#1483,.T.);
#1908=ORIENTED_EDGE('',*,*,#1484,.F.);
#1909=ORIENTED_EDGE('',*,*,#1485,.F.);
#1910=ORIENTED_EDGE('',*,*,#1486,.F.);
#1911=ORIENTED_EDGE('',*,*,#1485,.T.);
#1912=ORIENTED_EDGE('',*,*,#1487,.F.);
#1913=ORIENTED_EDGE('',*,*,#1488,.F.);
#1914=ORIENTED_EDGE('',*,*,#1489,.F.);
#1915=ORIENTED_EDGE('',*,*,#1488,.T.);
#1916=ORIENTED_EDGE('',*,*,#1490,.F.);
#1917=ORIENTED_EDGE('',*,*,#1491,.F.);
#1918=ORIENTED_EDGE('',*,*,#1492,.F.);
#1919=ORIENTED_EDGE('',*,*,#1491,.T.);
#1920=ORIENTED_EDGE('',*,*,#1493,.F.);
#1921=ORIENTED_EDGE('',*,*,#1483,.F.);
#1922=ORIENTED_EDGE('',*,*,#1494,.F.);
#1923=ORIENTED_EDGE('',*,*,#1495,.T.);
#1924=ORIENTED_EDGE('',*,*,#1496,.F.);
#1925=ORIENTED_EDGE('',*,*,#1497,.F.);
#1926=ORIENTED_EDGE('',*,*,#1498,.F.);
#1927=ORIENTED_EDGE('',*,*,#1497,.T.);
#1928=ORIENTED_EDGE('',*,*,#1499,.F.);
#1929=ORIENTED_EDGE('',*,*,#1500,.F.);
#1930=ORIENTED_EDGE('',*,*,#1501,.F.);
#1931=ORIENTED_EDGE('',*,*,#1500,.T.);
#1932=ORIENTED_EDGE('',*,*,#1502,.F.);
#1933=ORIENTED_EDGE('',*,*,#1503,.F.);
#1934=ORIENTED_EDGE('',*,*,#1504,.F.);
#1935=ORIENTED_EDGE('',*,*,#1503,.T.);
#1936=ORIENTED_EDGE('',*,*,#1505,.F.);
#1937=ORIENTED_EDGE('',*,*,#1495,.F.);
#1938=ORIENTED_EDGE('',*,*,#1506,.F.);
#1939=ORIENTED_EDGE('',*,*,#1507,.T.);
#1940=ORIENTED_EDGE('',*,*,#1508,.F.);
#1941=ORIENTED_EDGE('',*,*,#1509,.F.);
#1942=ORIENTED_EDGE('',*,*,#1510,.F.);
#1943=ORIENTED_EDGE('',*,*,#1509,.T.);
#1944=ORIENTED_EDGE('',*,*,#1511,.F.);
#1945=ORIENTED_EDGE('',*,*,#1512,.F.);
#1946=ORIENTED_EDGE('',*,*,#1513,.F.);
#1947=ORIENTED_EDGE('',*,*,#1512,.T.);
#1948=ORIENTED_EDGE('',*,*,#1514,.F.);
#1949=ORIENTED_EDGE('',*,*,#1515,.F.);
#1950=ORIENTED_EDGE('',*,*,#1516,.F.);
#1951=ORIENTED_EDGE('',*,*,#1515,.T.);
#1952=ORIENTED_EDGE('',*,*,#1517,.F.);
#1953=ORIENTED_EDGE('',*,*,#1507,.F.);
#1954=ORIENTED_EDGE('',*,*,#1518,.F.);
#1955=ORIENTED_EDGE('',*,*,#1519,.T.);
#1956=ORIENTED_EDGE('',*,*,#1520,.F.);
#1957=ORIENTED_EDGE('',*,*,#1521,.F.);
#1958=ORIENTED_EDGE('',*,*,#1522,.F.);
#1959=ORIENTED_EDGE('',*,*,#1521,.T.);
#1960=ORIENTED_EDGE('',*,*,#1523,.F.);
#1961=ORIENTED_EDGE('',*,*,#1524,.F.);
#1962=ORIENTED_EDGE('',*,*,#1525,.F.);
#1963=ORIENTED_EDGE('',*,*,#1524,.T.);
#1964=ORIENTED_EDGE('',*,*,#1526,.F.);
#1965=ORIENTED_EDGE('',*,*,#1527,.F.);
#1966=ORIENTED_EDGE('',*,*,#1528,.F.);
#1967=ORIENTED_EDGE('',*,*,#1527,.T.);
#1968=ORIENTED_EDGE('',*,*,#1529,.F.);
#1969=ORIENTED_EDGE('',*,*,#1519,.F.);
#1970=ORIENTED_EDGE('',*,*,#1528,.T.);
#1971=ORIENTED_EDGE('',*,*,#1518,.T.);
#1972=ORIENTED_EDGE('',*,*,#1522,.T.);
#1973=ORIENTED_EDGE('',*,*,#1525,.T.);
#1974=ORIENTED_EDGE('',*,*,#1516,.T.);
#1975=ORIENTED_EDGE('',*,*,#1506,.T.);
#1976=ORIENTED_EDGE('',*,*,#1510,.T.);
#1977=ORIENTED_EDGE('',*,*,#1513,.T.);
#1978=ORIENTED_EDGE('',*,*,#1504,.T.);
#1979=ORIENTED_EDGE('',*,*,#1494,.T.);
#1980=ORIENTED_EDGE('',*,*,#1498,.T.);
#1981=ORIENTED_EDGE('',*,*,#1501,.T.);
#1982=ORIENTED_EDGE('',*,*,#1492,.T.);
#1983=ORIENTED_EDGE('',*,*,#1482,.T.);
#1984=ORIENTED_EDGE('',*,*,#1486,.T.);
#1985=ORIENTED_EDGE('',*,*,#1489,.T.);
#1986=ORIENTED_EDGE('',*,*,#1480,.T.);
#1987=ORIENTED_EDGE('',*,*,#1470,.T.);
#1988=ORIENTED_EDGE('',*,*,#1474,.T.);
#1989=ORIENTED_EDGE('',*,*,#1477,.T.);
#1990=ORIENTED_EDGE('',*,*,#1468,.T.);
#1991=ORIENTED_EDGE('',*,*,#1458,.T.);
#1992=ORIENTED_EDGE('',*,*,#1462,.T.);
#1993=ORIENTED_EDGE('',*,*,#1465,.T.);
#1994=ORIENTED_EDGE('',*,*,#1456,.T.);
#1995=ORIENTED_EDGE('',*,*,#1446,.T.);
#1996=ORIENTED_EDGE('',*,*,#1450,.T.);
#1997=ORIENTED_EDGE('',*,*,#1453,.T.);
#1998=ORIENTED_EDGE('',*,*,#1529,.T.);
#1999=ORIENTED_EDGE('',*,*,#1526,.T.);
#2000=ORIENTED_EDGE('',*,*,#1523,.T.);
#2001=ORIENTED_EDGE('',*,*,#1520,.T.);
#2002=ORIENTED_EDGE('',*,*,#1517,.T.);
#2003=ORIENTED_EDGE('',*,*,#1514,.T.);
#2004=ORIENTED_EDGE('',*,*,#1511,.T.);
#2005=ORIENTED_EDGE('',*,*,#1508,.T.);
#2006=ORIENTED_EDGE('',*,*,#1505,.T.);
#2007=ORIENTED_EDGE('',*,*,#1502,.T.);
#2008=ORIENTED_EDGE('',*,*,#1499,.T.);
#2009=ORIENTED_EDGE('',*,*,#1496,.T.);
#2010=ORIENTED_EDGE('',*,*,#1493,.T.);
#2011=ORIENTED_EDGE('',*,*,#1490,.T.);
#2012=ORIENTED_EDGE('',*,*,#1487,.T.);
#2013=ORIENTED_EDGE('',*,*,#1484,.T.);
#2014=ORIENTED_EDGE('',*,*,#1481,.T.);
#2015=ORIENTED_EDGE('',*,*,#1478,.T.);
#2016=ORIENTED_EDGE('',*,*,#1475,.T.);
#2017=ORIENTED_EDGE('',*,*,#1472,.T.);
#2018=ORIENTED_EDGE('',*,*,#1469,.T.);
#2019=ORIENTED_EDGE('',*,*,#1466,.T.);
#2020=ORIENTED_EDGE('',*,*,#1463,.T.);
#2021=ORIENTED_EDGE('',*,*,#1460,.T.);
#2022=ORIENTED_EDGE('',*,*,#1457,.T.);
#2023=ORIENTED_EDGE('',*,*,#1454,.T.);
#2024=ORIENTED_EDGE('',*,*,#1451,.T.);
#2025=ORIENTED_EDGE('',*,*,#1448,.T.);
#2026=PLANE('',#2279);
#2027=PLANE('',#2283);
#2028=PLANE('',#2284);
#2029=PLANE('',#2285);
#2030=PLANE('',#2286);
#2031=PLANE('',#2287);
#2032=PLANE('',#2288);
#2033=PLANE('',#2289);
#2034=PLANE('',#2290);
#2035=PLANE('',#2291);
#2036=PLANE('',#2292);
#2037=PLANE('',#2293);
#2038=PLANE('',#2294);
#2039=PLANE('',#2295);
#2040=PLANE('',#2296);
#2041=PLANE('',#2297);
#2042=PLANE('',#2298);
#2043=PLANE('',#2299);
#2044=PLANE('',#2300);
#2045=PLANE('',#2301);
#2046=PLANE('',#2302);
#2047=PLANE('',#2303);
#2048=PLANE('',#2304);
#2049=PLANE('',#2305);
#2050=PLANE('',#2306);
#2051=PLANE('',#2349);
#2052=PLANE('',#2350);
#2053=PLANE('',#2351);
#2054=PLANE('',#2352);
#2055=PLANE('',#2353);
#2056=PLANE('',#2354);
#2057=PLANE('',#2355);
#2058=PLANE('',#2356);
#2059=PLANE('',#2357);
#2060=PLANE('',#2358);
#2061=PLANE('',#2359);
#2062=PLANE('',#2360);
#2063=PLANE('',#2361);
#2064=PLANE('',#2362);
#2065=PLANE('',#2363);
#2066=PLANE('',#2364);
#2067=PLANE('',#2368);
#2068=PLANE('',#2369);
#2069=PLANE('',#2382);
#2070=PLANE('',#2383);
#2071=PLANE('',#2384);
#2072=PLANE('',#2385);
#2073=PLANE('',#2386);
#2074=PLANE('',#2387);
#2075=PLANE('',#2388);
#2076=PLANE('',#2389);
#2077=PLANE('',#2390);
#2078=PLANE('',#2391);
#2079=PLANE('',#2392);
#2080=PLANE('',#2393);
#2081=PLANE('',#2394);
#2082=PLANE('',#2395);
#2083=PLANE('',#2396);
#2084=PLANE('',#2400);
#2085=PLANE('',#2401);
#2086=PLANE('',#2402);
#2087=PLANE('',#2403);
#2088=PLANE('',#2404);
#2089=PLANE('',#2405);
#2090=PLANE('',#2406);
#2091=PLANE('',#2407);
#2092=PLANE('',#2408);
#2093=PLANE('',#2409);
#2094=PLANE('',#2410);
#2095=PLANE('',#2411);
#2096=PLANE('',#2412);
#2097=PLANE('',#2413);
#2098=PLANE('',#2414);
#2099=PLANE('',#2415);
#2100=PLANE('',#2416);
#2101=PLANE('',#2417);
#2102=PLANE('',#2418);
#2103=PLANE('',#2419);
#2104=PLANE('',#2420);
#2105=PLANE('',#2421);
#2106=PLANE('',#2422);
#2107=PLANE('',#2423);
#2108=PLANE('',#2424);
#2109=PLANE('',#2425);
#2110=PLANE('',#2426);
#2111=PLANE('',#2427);
#2112=PLANE('',#2428);
#2113=PLANE('',#2429);
#2114=PLANE('',#2430);
#2115=PLANE('',#2431);
#2116=PLANE('',#2432);
#2117=ADVANCED_FACE('',(#113),#2026,.T.);
#2118=ADVANCED_FACE('',(#114),#92,.T.);
#2119=ADVANCED_FACE('',(#115),#2027,.T.);
#2120=ADVANCED_FACE('',(#116),#2028,.T.);
#2121=ADVANCED_FACE('',(#117),#2029,.T.);
#2122=ADVANCED_FACE('',(#118),#2030,.T.);
#2123=ADVANCED_FACE('',(#119),#2031,.T.);
#2124=ADVANCED_FACE('',(#120),#2032,.T.);
#2125=ADVANCED_FACE('',(#121),#2033,.T.);
#2126=ADVANCED_FACE('',(#122),#2034,.T.);
#2127=ADVANCED_FACE('',(#123),#2035,.T.);
#2128=ADVANCED_FACE('',(#124),#2036,.T.);
#2129=ADVANCED_FACE('',(#125),#2037,.T.);
#2130=ADVANCED_FACE('',(#126),#2038,.T.);
#2131=ADVANCED_FACE('',(#127),#2039,.T.);
#2132=ADVANCED_FACE('',(#128),#2040,.T.);
#2133=ADVANCED_FACE('',(#129),#2041,.T.);
#2134=ADVANCED_FACE('',(#130),#2042,.T.);
#2135=ADVANCED_FACE('',(#131),#2043,.T.);
#2136=ADVANCED_FACE('',(#132),#2044,.T.);
#2137=ADVANCED_FACE('',(#133),#2045,.T.);
#2138=ADVANCED_FACE('',(#134),#2046,.T.);
#2139=ADVANCED_FACE('',(#135),#2047,.T.);
#2140=ADVANCED_FACE('',(#136),#2048,.T.);
#2141=ADVANCED_FACE('',(#137),#2049,.T.);
#2142=ADVANCED_FACE('',(#138),#2050,.T.);
#2143=ADVANCED_FACE('',(#139),#93,.T.);
#2144=ADVANCED_FACE('',(#140),#94,.T.);
#2145=ADVANCED_FACE('',(#141),#95,.T.);
#2146=ADVANCED_FACE('',(#142),#96,.T.);
#2147=ADVANCED_FACE('',(#143),#97,.T.);
#2148=ADVANCED_FACE('',(#144),#98,.T.);
#2149=ADVANCED_FACE('',(#145),#99,.T.);
#2150=ADVANCED_FACE('',(#146),#100,.T.);
#2151=ADVANCED_FACE('',(#147),#101,.T.);
#2152=ADVANCED_FACE('',(#148),#102,.T.);
#2153=ADVANCED_FACE('',(#149),#103,.T.);
#2154=ADVANCED_FACE('',(#150),#104,.T.);
#2155=ADVANCED_FACE('',(#151),#105,.T.);
#2156=ADVANCED_FACE('',(#152),#106,.T.);
#2157=ADVANCED_FACE('',(#153),#2051,.T.);
#2158=ADVANCED_FACE('',(#154),#2052,.T.);
#2159=ADVANCED_FACE('',(#155),#2053,.T.);
#2160=ADVANCED_FACE('',(#156),#2054,.T.);
#2161=ADVANCED_FACE('',(#157),#2055,.T.);
#2162=ADVANCED_FACE('',(#158),#2056,.T.);
#2163=ADVANCED_FACE('',(#159),#2057,.T.);
#2164=ADVANCED_FACE('',(#160),#2058,.T.);
#2165=ADVANCED_FACE('',(#161),#2059,.T.);
#2166=ADVANCED_FACE('',(#162),#2060,.T.);
#2167=ADVANCED_FACE('',(#163),#2061,.T.);
#2168=ADVANCED_FACE('',(#164),#2062,.T.);
#2169=ADVANCED_FACE('',(#165),#2063,.T.);
#2170=ADVANCED_FACE('',(#166),#2064,.T.);
#2171=ADVANCED_FACE('',(#167),#2065,.T.);
#2172=ADVANCED_FACE('',(#168),#2066,.T.);
#2173=ADVANCED_FACE('',(#169),#107,.T.);
#2174=ADVANCED_FACE('',(#170),#2067,.T.);
#2175=ADVANCED_FACE('',(#171),#2068,.T.);
#2176=ADVANCED_FACE('',(#172),#108,.T.);
#2177=ADVANCED_FACE('',(#173),#109,.F.);
#2178=ADVANCED_FACE('',(#174),#110,.T.);
#2179=ADVANCED_FACE('',(#175),#111,.T.);
#2180=ADVANCED_FACE('',(#176),#2069,.T.);
#2181=ADVANCED_FACE('',(#177),#2070,.T.);
#2182=ADVANCED_FACE('',(#178),#2071,.T.);
#2183=ADVANCED_FACE('',(#179),#2072,.T.);
#2184=ADVANCED_FACE('',(#180),#2073,.T.);
#2185=ADVANCED_FACE('',(#181),#2074,.T.);
#2186=ADVANCED_FACE('',(#182),#2075,.T.);
#2187=ADVANCED_FACE('',(#183),#2076,.T.);
#2188=ADVANCED_FACE('',(#184),#2077,.T.);
#2189=ADVANCED_FACE('',(#185),#2078,.T.);
#2190=ADVANCED_FACE('',(#186),#2079,.T.);
#2191=ADVANCED_FACE('',(#187),#2080,.T.);
#2192=ADVANCED_FACE('',(#188),#2081,.T.);
#2193=ADVANCED_FACE('',(#189),#2082,.T.);
#2194=ADVANCED_FACE('',(#190),#2083,.T.);
#2195=ADVANCED_FACE('',(#191),#112,.F.);
#2196=ADVANCED_FACE('',(#192),#2084,.T.);
#2197=ADVANCED_FACE('',(#193),#2085,.T.);
#2198=ADVANCED_FACE('',(#194),#2086,.T.);
#2199=ADVANCED_FACE('',(#195),#2087,.T.);
#2200=ADVANCED_FACE('',(#196),#2088,.T.);
#2201=ADVANCED_FACE('',(#197),#2089,.T.);
#2202=ADVANCED_FACE('',(#198),#2090,.T.);
#2203=ADVANCED_FACE('',(#199),#2091,.T.);
#2204=ADVANCED_FACE('',(#200),#2092,.T.);
#2205=ADVANCED_FACE('',(#201),#2093,.T.);
#2206=ADVANCED_FACE('',(#202),#2094,.T.);
#2207=ADVANCED_FACE('',(#203),#2095,.T.);
#2208=ADVANCED_FACE('',(#204),#2096,.T.);
#2209=ADVANCED_FACE('',(#205),#2097,.T.);
#2210=ADVANCED_FACE('',(#206),#2098,.T.);
#2211=ADVANCED_FACE('',(#207),#2099,.T.);
#2212=ADVANCED_FACE('',(#208),#2100,.T.);
#2213=ADVANCED_FACE('',(#209),#2101,.T.);
#2214=ADVANCED_FACE('',(#210),#2102,.T.);
#2215=ADVANCED_FACE('',(#211),#2103,.T.);
#2216=ADVANCED_FACE('',(#212),#2104,.T.);
#2217=ADVANCED_FACE('',(#213),#2105,.T.);
#2218=ADVANCED_FACE('',(#214),#2106,.T.);
#2219=ADVANCED_FACE('',(#215),#2107,.T.);
#2220=ADVANCED_FACE('',(#216),#2108,.T.);
#2221=ADVANCED_FACE('',(#217),#2109,.T.);
#2222=ADVANCED_FACE('',(#218),#2110,.T.);
#2223=ADVANCED_FACE('',(#219),#2111,.T.);
#2224=ADVANCED_FACE('',(#220),#2112,.T.);
#2225=ADVANCED_FACE('',(#221),#2113,.T.);
#2226=ADVANCED_FACE('',(#222),#2114,.T.);
#2227=ADVANCED_FACE('',(#223,#18,#19,#20,#21,#22,#23),#2115,.T.);
#2228=ADVANCED_FACE('',(#224,#24,#25,#26,#27,#28,#29),#2116,.T.);
#2229=OPEN_SHELL('',(#2117,#2118,#2119,#2120,#2121,#2122,#2123,#2124,#2125,
#2126,#2127,#2128,#2129,#2130,#2131,#2132,#2133,#2134,#2135,#2136,#2137,
#2138,#2139,#2140,#2141,#2142));
#2230=OPEN_SHELL('',(#2143,#2144,#2145,#2146));
#2231=OPEN_SHELL('',(#2147,#2148,#2149));
#2232=OPEN_SHELL('',(#2150,#2151));
#2233=OPEN_SHELL('',(#2152));
#2234=OPEN_SHELL('',(#2153));
#2235=OPEN_SHELL('',(#2154));
#2236=OPEN_SHELL('',(#2155));
#2237=OPEN_SHELL('',(#2156));
#2238=OPEN_SHELL('',(#2157,#2158,#2159,#2160,#2161,#2162,#2163,#2164));
#2239=OPEN_SHELL('',(#2165,#2166,#2167,#2168,#2169,#2170,#2171,#2172));
#2240=OPEN_SHELL('',(#2173,#2174,#2175));
#2241=OPEN_SHELL('',(#2176,#2177,#2178));
#2242=OPEN_SHELL('',(#2179));
#2243=OPEN_SHELL('',(#2180,#2181,#2182,#2183,#2184,#2185));
#2244=OPEN_SHELL('',(#2186,#2187,#2188,#2189,#2190,#2191,#2192,#2193,#2194,
#2195));
#2245=OPEN_SHELL('',(#2196,#2197));
#2246=OPEN_SHELL('',(#2198));
#2247=SHELL_BASED_SURFACE_MODEL('Body1',(#2229));
#2248=SHELL_BASED_SURFACE_MODEL('Body2',(#2230));
#2249=SHELL_BASED_SURFACE_MODEL('Body3',(#2231));
#2250=SHELL_BASED_SURFACE_MODEL('Body4',(#2232));
#2251=SHELL_BASED_SURFACE_MODEL('Body5',(#2233));
#2252=SHELL_BASED_SURFACE_MODEL('Body6',(#2234));
#2253=SHELL_BASED_SURFACE_MODEL('Body7',(#2235));
#2254=SHELL_BASED_SURFACE_MODEL('Body8',(#2236));
#2255=SHELL_BASED_SURFACE_MODEL('Body9',(#2237));
#2256=SHELL_BASED_SURFACE_MODEL('Body10',(#2238));
#2257=SHELL_BASED_SURFACE_MODEL('Body11',(#2239));
#2258=SHELL_BASED_SURFACE_MODEL('Body12',(#2240));
#2259=SHELL_BASED_SURFACE_MODEL('Body13',(#2241));
#2260=SHELL_BASED_SURFACE_MODEL('Body14',(#2242));
#2261=SHELL_BASED_SURFACE_MODEL('Body15',(#2243));
#2262=SHELL_BASED_SURFACE_MODEL('Body16',(#2244));
#2263=SHELL_BASED_SURFACE_MODEL('Body17',(#2245));
#2264=SHELL_BASED_SURFACE_MODEL('Body18',(#2246));
#2265=DERIVED_UNIT_ELEMENT(#2267,1.);
#2266=DERIVED_UNIT_ELEMENT(#3752,-3.);
#2267=(
MASS_UNIT()
NAMED_UNIT(*)
SI_UNIT(.KILO.,.GRAM.)
);
#2268=DERIVED_UNIT((#2265,#2266));
#2269=MEASURE_REPRESENTATION_ITEM('density measure',
POSITIVE_RATIO_MEASURE(7850.),#2268);
#2270=PROPERTY_DEFINITION_REPRESENTATION(#2275,#2272);
#2271=PROPERTY_DEFINITION_REPRESENTATION(#2276,#2273);
#2272=REPRESENTATION('material name',(#2274),#3749);
#2273=REPRESENTATION('density',(#2269),#3749);
#2274=DESCRIPTIVE_REPRESENTATION_ITEM('Steel','Steel');
#2275=PROPERTY_DEFINITION('material property','material name',#3764);
#2276=PROPERTY_DEFINITION('material property','density of part',#3764);
#2277=AXIS2_PLACEMENT_3D('',#3047,#2434,#2435);
#2278=AXIS2_PLACEMENT_3D('',#3048,#2436,#2437);
#2279=AXIS2_PLACEMENT_3D('',#3049,#2438,#2439);
#2280=AXIS2_PLACEMENT_3D('',#3058,#2444,#2445);
#2281=AXIS2_PLACEMENT_3D('',#3060,#2446,#2447);
#2282=AXIS2_PLACEMENT_3D('',#3062,#2448,#2449);
#2283=AXIS2_PLACEMENT_3D('',#3064,#2451,#2452);
#2284=AXIS2_PLACEMENT_3D('',#3070,#2456,#2457);
#2285=AXIS2_PLACEMENT_3D('',#3076,#2461,#2462);
#2286=AXIS2_PLACEMENT_3D('',#3082,#2466,#2467);
#2287=AXIS2_PLACEMENT_3D('',#3088,#2471,#2472);
#2288=AXIS2_PLACEMENT_3D('',#3094,#2476,#2477);
#2289=AXIS2_PLACEMENT_3D('',#3100,#2481,#2482);
#2290=AXIS2_PLACEMENT_3D('',#3106,#2486,#2487);
#2291=AXIS2_PLACEMENT_3D('',#3112,#2491,#2492);
#2292=AXIS2_PLACEMENT_3D('',#3118,#2496,#2497);
#2293=AXIS2_PLACEMENT_3D('',#3124,#2501,#2502);
#2294=AXIS2_PLACEMENT_3D('',#3130,#2506,#2507);
#2295=AXIS2_PLACEMENT_3D('',#3136,#2511,#2512);
#2296=AXIS2_PLACEMENT_3D('',#3142,#2516,#2517);
#2297=AXIS2_PLACEMENT_3D('',#3148,#2521,#2522);
#2298=AXIS2_PLACEMENT_3D('',#3154,#2526,#2527);
#2299=AXIS2_PLACEMENT_3D('',#3160,#2531,#2532);
#2300=AXIS2_PLACEMENT_3D('',#3166,#2536,#2537);
#2301=AXIS2_PLACEMENT_3D('',#3172,#2541,#2542);
#2302=AXIS2_PLACEMENT_3D('',#3178,#2546,#2547);
#2303=AXIS2_PLACEMENT_3D('',#3184,#2551,#2552);
#2304=AXIS2_PLACEMENT_3D('',#3190,#2556,#2557);
#2305=AXIS2_PLACEMENT_3D('',#3196,#2561,#2562);
#2306=AXIS2_PLACEMENT_3D('',#3202,#2566,#2567);
#2307=AXIS2_PLACEMENT_3D('',#3208,#2571,#2572);
#2308=AXIS2_PLACEMENT_3D('',#3211,#2573,#2574);
#2309=AXIS2_PLACEMENT_3D('',#3215,#2576,#2577);
#2310=AXIS2_PLACEMENT_3D('',#3217,#2579,#2580);
#2311=AXIS2_PLACEMENT_3D('',#3219,#2581,#2582);
#2312=AXIS2_PLACEMENT_3D('',#3221,#2583,#2584);
#2313=AXIS2_PLACEMENT_3D('',#3223,#2586,#2587);
#2314=AXIS2_PLACEMENT_3D('',#3225,#2588,#2589);
#2315=AXIS2_PLACEMENT_3D('',#3227,#2590,#2591);
#2316=AXIS2_PLACEMENT_3D('',#3229,#2593,#2594);
#2317=AXIS2_PLACEMENT_3D('',#3230,#2595,#2596);
#2318=AXIS2_PLACEMENT_3D('',#3231,#2597,#2598);
#2319=AXIS2_PLACEMENT_3D('',#3232,#2599,#2600);
#2320=AXIS2_PLACEMENT_3D('',#3235,#2601,#2602);
#2321=AXIS2_PLACEMENT_3D('',#3239,#2604,#2605);
#2322=AXIS2_PLACEMENT_3D('',#3241,#2607,#2608);
#2323=AXIS2_PLACEMENT_3D('',#3243,#2609,#2610);
#2324=AXIS2_PLACEMENT_3D('',#3245,#2611,#2612);
#2325=AXIS2_PLACEMENT_3D('',#3247,#2614,#2615);
#2326=AXIS2_PLACEMENT_3D('',#3249,#2616,#2617);
#2327=AXIS2_PLACEMENT_3D('',#3251,#2618,#2619);
#2328=AXIS2_PLACEMENT_3D('',#3253,#2621,#2622);
#2329=AXIS2_PLACEMENT_3D('',#3256,#2623,#2624);
#2330=AXIS2_PLACEMENT_3D('',#3260,#2626,#2627);
#2331=AXIS2_PLACEMENT_3D('',#3262,#2629,#2630);
#2332=AXIS2_PLACEMENT_3D('',#3263,#2631,#2632);
#2333=AXIS2_PLACEMENT_3D('',#3264,#2633,#2634);
#2334=AXIS2_PLACEMENT_3D('',#3265,#2635,#2636);
#2335=AXIS2_PLACEMENT_3D('',#3267,#2637,#2638);
#2336=AXIS2_PLACEMENT_3D('',#3270,#2640,#2641);
#2337=AXIS2_PLACEMENT_3D('',#3271,#2642,#2643);
#2338=AXIS2_PLACEMENT_3D('',#3273,#2644,#2645);
#2339=AXIS2_PLACEMENT_3D('',#3276,#2647,#2648);
#2340=AXIS2_PLACEMENT_3D('',#3277,#2649,#2650);
#2341=AXIS2_PLACEMENT_3D('',#3279,#2651,#2652);
#2342=AXIS2_PLACEMENT_3D('',#3282,#2654,#2655);
#2343=AXIS2_PLACEMENT_3D('',#3283,#2656,#2657);
#2344=AXIS2_PLACEMENT_3D('',#3286,#2658,#2659);
#2345=AXIS2_PLACEMENT_3D('',#3290,#2661,#2662);
#2346=AXIS2_PLACEMENT_3D('',#3292,#2664,#2665);
#2347=AXIS2_PLACEMENT_3D('',#3294,#2666,#2667);
#2348=AXIS2_PLACEMENT_3D('',#3297,#2669,#2670);
#2349=AXIS2_PLACEMENT_3D('',#3298,#2671,#2672);
#2350=AXIS2_PLACEMENT_3D('',#3307,#2677,#2678);
#2351=AXIS2_PLACEMENT_3D('',#3313,#2682,#2683);
#2352=AXIS2_PLACEMENT_3D('',#3319,#2687,#2688);
#2353=AXIS2_PLACEMENT_3D('',#3325,#2692,#2693);
#2354=AXIS2_PLACEMENT_3D('',#3331,#2697,#2698);
#2355=AXIS2_PLACEMENT_3D('',#3337,#2702,#2703);
#2356=AXIS2_PLACEMENT_3D('',#3343,#2707,#2708);
#2357=AXIS2_PLACEMENT_3D('',#3349,#2712,#2713);
#2358=AXIS2_PLACEMENT_3D('',#3358,#2718,#2719);
#2359=AXIS2_PLACEMENT_3D('',#3364,#2723,#2724);
#2360=AXIS2_PLACEMENT_3D('',#3370,#2728,#2729);
#2361=AXIS2_PLACEMENT_3D('',#3376,#2733,#2734);
#2362=AXIS2_PLACEMENT_3D('',#3382,#2738,#2739);
#2363=AXIS2_PLACEMENT_3D('',#3388,#2743,#2744);
#2364=AXIS2_PLACEMENT_3D('',#3394,#2748,#2749);
#2365=AXIS2_PLACEMENT_3D('',#3400,#2753,#2754);
#2366=AXIS2_PLACEMENT_3D('',#3403,#2755,#2756);
#2367=AXIS2_PLACEMENT_3D('',#3407,#2758,#2759);
#2368=AXIS2_PLACEMENT_3D('',#3409,#2761,#2762);
#2369=AXIS2_PLACEMENT_3D('',#3415,#2766,#2767);
#2370=AXIS2_PLACEMENT_3D('',#3421,#2771,#2772);
#2371=AXIS2_PLACEMENT_3D('',#3424,#2773,#2774);
#2372=AXIS2_PLACEMENT_3D('',#3428,#2776,#2777);
#2373=AXIS2_PLACEMENT_3D('',#3430,#2779,#2780);
#2374=AXIS2_PLACEMENT_3D('',#3432,#2781,#2782);
#2375=AXIS2_PLACEMENT_3D('',#3434,#2783,#2784);
#2376=AXIS2_PLACEMENT_3D('',#3436,#2786,#2787);
#2377=AXIS2_PLACEMENT_3D('',#3438,#2788,#2789);
#2378=AXIS2_PLACEMENT_3D('',#3441,#2791,#2792);
#2379=AXIS2_PLACEMENT_3D('',#3442,#2793,#2794);
#2380=AXIS2_PLACEMENT_3D('',#3445,#2795,#2796);
#2381=AXIS2_PLACEMENT_3D('',#3449,#2798,#2799);
#2382=AXIS2_PLACEMENT_3D('',#3451,#2801,#2802);
#2383=AXIS2_PLACEMENT_3D('',#3460,#2807,#2808);
#2384=AXIS2_PLACEMENT_3D('',#3466,#2812,#2813);
#2385=AXIS2_PLACEMENT_3D('',#3472,#2817,#2818);
#2386=AXIS2_PLACEMENT_3D('',#3478,#2822,#2823);
#2387=AXIS2_PLACEMENT_3D('',#3484,#2827,#2828);
#2388=AXIS2_PLACEMENT_3D('',#3487,#2831,#2832);
#2389=AXIS2_PLACEMENT_3D('',#3496,#2837,#2838);
#2390=AXIS2_PLACEMENT_3D('',#3502,#2842,#2843);
#2391=AXIS2_PLACEMENT_3D('',#3508,#2847,#2848);
#2392=AXIS2_PLACEMENT_3D('',#3514,#2852,#2853);
#2393=AXIS2_PLACEMENT_3D('',#3520,#2857,#2858);
#2394=AXIS2_PLACEMENT_3D('',#3526,#2862,#2863);
#2395=AXIS2_PLACEMENT_3D('',#3532,#2867,#2868);
#2396=AXIS2_PLACEMENT_3D('',#3538,#2872,#2873);
#2397=AXIS2_PLACEMENT_3D('',#3544,#2877,#2878);
#2398=AXIS2_PLACEMENT_3D('',#3546,#2879,#2880);
#2399=AXIS2_PLACEMENT_3D('',#3549,#2882,#2883);
#2400=AXIS2_PLACEMENT_3D('',#3550,#2884,#2885);
#2401=AXIS2_PLACEMENT_3D('',#3559,#2890,#2891);
#2402=AXIS2_PLACEMENT_3D('',#3565,#2895,#2896);
#2403=AXIS2_PLACEMENT_3D('',#3574,#2901,#2902);
#2404=AXIS2_PLACEMENT_3D('',#3583,#2907,#2908);
#2405=AXIS2_PLACEMENT_3D('',#3589,#2912,#2913);
#2406=AXIS2_PLACEMENT_3D('',#3595,#2917,#2918);
#2407=AXIS2_PLACEMENT_3D('',#3598,#2921,#2922);
#2408=AXIS2_PLACEMENT_3D('',#3607,#2927,#2928);
#2409=AXIS2_PLACEMENT_3D('',#3613,#2932,#2933);
#2410=AXIS2_PLACEMENT_3D('',#3619,#2937,#2938);
#2411=AXIS2_PLACEMENT_3D('',#3622,#2941,#2942);
#2412=AXIS2_PLACEMENT_3D('',#3631,#2947,#2948);
#2413=AXIS2_PLACEMENT_3D('',#3637,#2952,#2953);
#2414=AXIS2_PLACEMENT_3D('',#3643,#2957,#2958);
#2415=AXIS2_PLACEMENT_3D('',#3646,#2961,#2962);
#2416=AXIS2_PLACEMENT_3D('',#3655,#2967,#2968);
#2417=AXIS2_PLACEMENT_3D('',#3661,#2972,#2973);
#2418=AXIS2_PLACEMENT_3D('',#3667,#2977,#2978);
#2419=AXIS2_PLACEMENT_3D('',#3670,#2981,#2982);
#2420=AXIS2_PLACEMENT_3D('',#3679,#2987,#2988);
#2421=AXIS2_PLACEMENT_3D('',#3685,#2992,#2993);
#2422=AXIS2_PLACEMENT_3D('',#3691,#2997,#2998);
#2423=AXIS2_PLACEMENT_3D('',#3694,#3001,#3002);
#2424=AXIS2_PLACEMENT_3D('',#3703,#3007,#3008);
#2425=AXIS2_PLACEMENT_3D('',#3709,#3012,#3013);
#2426=AXIS2_PLACEMENT_3D('',#3715,#3017,#3018);
#2427=AXIS2_PLACEMENT_3D('',#3718,#3021,#3022);
#2428=AXIS2_PLACEMENT_3D('',#3727,#3027,#3028);
#2429=AXIS2_PLACEMENT_3D('',#3733,#3032,#3033);
#2430=AXIS2_PLACEMENT_3D('',#3739,#3037,#3038);
#2431=AXIS2_PLACEMENT_3D('',#3742,#3041,#3042);
#2432=AXIS2_PLACEMENT_3D('',#3743,#3043,#3044);
#2433=AXIS2_PLACEMENT_3D('',#3744,#3045,#3046);
#2434=DIRECTION('axis',(0.,0.,1.));
#2435=DIRECTION('refdir',(1.,0.,0.));
#2436=DIRECTION('axis',(0.,0.,1.));
#2437=DIRECTION('refdir',(1.,0.,0.));
#2438=DIRECTION('center_axis',(1.,0.,0.));
#2439=DIRECTION('ref_axis',(0.,-1.,0.));
#2440=DIRECTION('',(0.,1.,0.));
#2441=DIRECTION('',(0.,0.,-1.));
#2442=DIRECTION('',(0.,-1.,0.));
#2443=DIRECTION('',(0.,0.,-1.));
#2444=DIRECTION('center_axis',(0.,0.,-1.));
#2445=DIRECTION('ref_axis',(-0.760890417084347,0.648880399757312,0.));
#2446=DIRECTION('center_axis',(0.,0.,-1.));
#2447=DIRECTION('ref_axis',(-0.760890417084347,0.648880399757312,0.));
#2448=DIRECTION('center_axis',(0.,0.,-1.));
#2449=DIRECTION('ref_axis',(-0.760890417084347,0.648880399757312,0.));
#2450=DIRECTION('',(0.,0.,-1.));
#2451=DIRECTION('center_axis',(-1.,0.,0.));
#2452=DIRECTION('ref_axis',(0.,1.,0.));
#2453=DIRECTION('',(0.,1.,0.));
#2454=DIRECTION('',(0.,1.,0.));
#2455=DIRECTION('',(0.,0.,-1.));
#2456=DIRECTION('center_axis',(-0.997436425235841,0.0715582113579282,0.));
#2457=DIRECTION('ref_axis',(0.0715582113579282,0.997436425235841,0.));
#2458=DIRECTION('',(0.0715582113579282,0.997436425235841,0.));
#2459=DIRECTION('',(0.0715582113579282,0.997436425235841,0.));
#2460=DIRECTION('',(0.,0.,-1.));
#2461=DIRECTION('center_axis',(-0.990919289062508,-0.134458032723423,0.));
#2462=DIRECTION('ref_axis',(-0.134458032723423,0.990919289062508,0.));
#2463=DIRECTION('',(-0.134458032723423,0.990919289062508,0.));
#2464=DIRECTION('',(-0.134458032723423,0.990919289062508,0.));
#2465=DIRECTION('',(0.,0.,-1.));
#2466=DIRECTION('center_axis',(-0.894901275291404,-0.446264167821952,0.));
#2467=DIRECTION('ref_axis',(-0.446264167821952,0.894901275291404,0.));
#2468=DIRECTION('',(-0.446264167821952,0.894901275291404,0.));
#2469=DIRECTION('',(-0.446264167821952,0.894901275291404,0.));
#2470=DIRECTION('',(0.,0.,-1.));
#2471=DIRECTION('center_axis',(-1.,0.,0.));
#2472=DIRECTION('ref_axis',(0.,1.,0.));
#2473=DIRECTION('',(0.,1.,0.));
#2474=DIRECTION('',(0.,1.,0.));
#2475=DIRECTION('',(0.,0.,-1.));
#2476=DIRECTION('center_axis',(-0.93154284019791,0.36363159499143,0.));
#2477=DIRECTION('ref_axis',(0.36363159499143,0.93154284019791,0.));
#2478=DIRECTION('',(0.36363159499143,0.93154284019791,0.));
#2479=DIRECTION('',(0.36363159499143,0.93154284019791,0.));
#2480=DIRECTION('',(0.,0.,-1.));
#2481=DIRECTION('center_axis',(-1.,0.,0.));
#2482=DIRECTION('ref_axis',(0.,1.,0.));
#2483=DIRECTION('',(0.,1.,0.));
#2484=DIRECTION('',(0.,1.,0.));
#2485=DIRECTION('',(0.,0.,-1.));
#2486=DIRECTION('center_axis',(-0.993883734673619,0.110431526074845,0.));
#2487=DIRECTION('ref_axis',(0.110431526074845,0.993883734673619,0.));
#2488=DIRECTION('',(0.110431526074845,0.993883734673619,0.));
#2489=DIRECTION('',(0.110431526074845,0.993883734673619,0.));
#2490=DIRECTION('',(0.,0.,-1.));
#2491=DIRECTION('center_axis',(0.,-1.,0.));
#2492=DIRECTION('ref_axis',(-1.,0.,0.));
#2493=DIRECTION('',(-1.,0.,0.));
#2494=DIRECTION('',(-1.,0.,0.));
#2495=DIRECTION('',(0.,0.,-1.));
#2496=DIRECTION('center_axis',(0.854735313101946,0.519064104457742,0.));
#2497=DIRECTION('ref_axis',(0.519064104457742,-0.854735313101947,0.));
#2498=DIRECTION('',(0.519064104457742,-0.854735313101947,0.));
#2499=DIRECTION('',(0.519064104457742,-0.854735313101947,0.));
#2500=DIRECTION('',(0.,0.,-1.));
#2501=DIRECTION('center_axis',(0.993883734673619,-0.110431526074847,0.));
#2502=DIRECTION('ref_axis',(-0.110431526074847,-0.993883734673619,0.));
#2503=DIRECTION('',(-0.110431526074847,-0.993883734673619,0.));
#2504=DIRECTION('',(-0.110431526074847,-0.993883734673619,0.));
#2505=DIRECTION('',(0.,0.,-1.));
#2506=DIRECTION('center_axis',(0.,-1.,0.));
#2507=DIRECTION('ref_axis',(-1.,0.,0.));
#2508=DIRECTION('',(-1.,0.,0.));
#2509=DIRECTION('',(-1.,0.,0.));
#2510=DIRECTION('',(0.,0.,-1.));
#2511=DIRECTION('center_axis',(-1.,0.,0.));
#2512=DIRECTION('ref_axis',(0.,1.,0.));
#2513=DIRECTION('',(0.,1.,0.));
#2514=DIRECTION('',(0.,1.,0.));
#2515=DIRECTION('',(0.,0.,-1.));
#2516=DIRECTION('center_axis',(-0.971315332498864,0.23779513210455,0.));
#2517=DIRECTION('ref_axis',(0.23779513210455,0.971315332498864,0.));
#2518=DIRECTION('',(0.23779513210455,0.971315332498864,0.));
#2519=DIRECTION('',(0.23779513210455,0.971315332498864,0.));
#2520=DIRECTION('',(0.,0.,-1.));
#2521=DIRECTION('center_axis',(-0.707106781186548,-0.707106781186548,0.));
#2522=DIRECTION('ref_axis',(-0.707106781186548,0.707106781186548,0.));
#2523=DIRECTION('',(-0.707106781186547,0.707106781186547,0.));
#2524=DIRECTION('',(-0.707106781186547,0.707106781186547,0.));
#2525=DIRECTION('',(0.,0.,-1.));
#2526=DIRECTION('center_axis',(-0.221985672473182,-0.975049927550702,0.));
#2527=DIRECTION('ref_axis',(-0.975049927550702,0.221985672473182,0.));
#2528=DIRECTION('',(-0.975049927550702,0.221985672473182,0.));
#2529=DIRECTION('',(-0.975049927550702,0.221985672473182,0.));
#2530=DIRECTION('',(0.,0.,-1.));
#2531=DIRECTION('center_axis',(0.,-1.,0.));
#2532=DIRECTION('ref_axis',(-1.,0.,0.));
#2533=DIRECTION('',(-1.,0.,0.));
#2534=DIRECTION('',(-1.,0.,0.));
#2535=DIRECTION('',(0.,0.,-1.));
#2536=DIRECTION('center_axis',(0.707106781186548,-0.707106781186548,0.));
#2537=DIRECTION('ref_axis',(-0.707106781186548,-0.707106781186548,0.));
#2538=DIRECTION('',(-0.707106781186547,-0.707106781186547,0.));
#2539=DIRECTION('',(-0.707106781186547,-0.707106781186547,0.));
#2540=DIRECTION('',(0.,0.,-1.));
#2541=DIRECTION('center_axis',(0.707106781186548,0.707106781186548,0.));
#2542=DIRECTION('ref_axis',(0.707106781186548,-0.707106781186548,0.));
#2543=DIRECTION('',(-0.707106781186547,0.707106781186547,0.));
#2544=DIRECTION('',(0.707106781186547,-0.707106781186547,0.));
#2545=DIRECTION('',(0.,0.,-1.));
#2546=DIRECTION('center_axis',(-0.439731542457734,0.898129261614241,0.));
#2547=DIRECTION('ref_axis',(0.898129261614241,0.439731542457734,0.));
#2548=DIRECTION('',(-0.898129261614241,-0.439731542457734,0.));
#2549=DIRECTION('',(0.898129261614241,0.439731542457734,0.));
#2550=DIRECTION('',(0.,0.,-1.));
#2551=DIRECTION('center_axis',(0.476738295626552,0.879045276128079,0.));
#2552=DIRECTION('ref_axis',(0.879045276128079,-0.476738295626553,0.));
#2553=DIRECTION('',(-0.879045276128079,0.476738295626553,0.));
#2554=DIRECTION('',(0.879045276128079,-0.476738295626553,0.));
#2555=DIRECTION('',(0.,0.,-1.));
#2556=DIRECTION('center_axis',(0.995664950569008,-0.0930123981435523,0.));
#2557=DIRECTION('ref_axis',(-0.0930123981435523,-0.995664950569008,0.));
#2558=DIRECTION('',(0.0930123981435523,0.995664950569008,0.));
#2559=DIRECTION('',(-0.0930123981435523,-0.995664950569008,0.));
#2560=DIRECTION('',(0.,0.,-1.));
#2561=DIRECTION('center_axis',(0.990582056956245,-0.136920372612457,0.));
#2562=DIRECTION('ref_axis',(-0.136920372612457,-0.990582056956245,0.));
#2563=DIRECTION('',(0.136920372612457,0.990582056956245,0.));
#2564=DIRECTION('',(-0.136920372612457,-0.990582056956245,0.));
#2565=DIRECTION('',(0.,0.,-1.));
#2566=DIRECTION('center_axis',(0.999026392496448,-0.044116517264317,0.));
#2567=DIRECTION('ref_axis',(-0.044116517264317,-0.999026392496448,0.));
#2568=DIRECTION('',(-0.044116517264317,-0.999026392496448,0.));
#2569=DIRECTION('',(0.,0.,-1.));
#2570=DIRECTION('',(-0.044116517264317,-0.999026392496448,0.));
#2571=DIRECTION('center_axis',(0.,0.,-1.));
#2572=DIRECTION('ref_axis',(0.923177915089996,0.384372914095267,0.));
#2573=DIRECTION('center_axis',(0.,0.,-1.));
#2574=DIRECTION('ref_axis',(0.923177915089996,0.384372914095267,0.));
#2575=DIRECTION('',(0.,0.,-1.));
#2576=DIRECTION('center_axis',(0.,0.,-1.));
#2577=DIRECTION('ref_axis',(0.923177915089996,0.384372914095267,0.));
#2578=DIRECTION('',(0.,0.,-1.));
#2579=DIRECTION('center_axis',(0.,0.,-1.));
#2580=DIRECTION('ref_axis',(-0.886537596058718,0.462656558123225,0.));
#2581=DIRECTION('center_axis',(0.,0.,-1.));
#2582=DIRECTION('ref_axis',(-0.886537596058718,0.462656558123225,0.));
#2583=DIRECTION('center_axis',(0.,0.,-1.));
#2584=DIRECTION('ref_axis',(-0.886537596058718,0.462656558123225,0.));
#2585=DIRECTION('',(0.,0.,-1.));
#2586=DIRECTION('center_axis',(0.,0.,-1.));
#2587=DIRECTION('ref_axis',(-0.853939927238617,-0.520371598636691,0.));
#2588=DIRECTION('center_axis',(0.,0.,-1.));
#2589=DIRECTION('ref_axis',(-0.853939927238617,-0.520371598636691,0.));
#2590=DIRECTION('center_axis',(0.,0.,-1.));
#2591=DIRECTION('ref_axis',(-0.853939927238617,-0.520371598636691,0.));
#2592=DIRECTION('',(0.,0.,-1.));
#2593=DIRECTION('center_axis',(0.,0.,-1.));
#2594=DIRECTION('ref_axis',(0.745362382561848,-0.666659522291346,0.));
#2595=DIRECTION('center_axis',(0.,0.,-1.));
#2596=DIRECTION('ref_axis',(0.745362382561848,-0.666659522291346,0.));
#2597=DIRECTION('center_axis',(0.,0.,-1.));
#2598=DIRECTION('ref_axis',(0.745362382561848,-0.666659522291346,0.));
#2599=DIRECTION('center_axis',(0.,0.,-1.));
#2600=DIRECTION('ref_axis',(0.928807055729388,0.370563696585761,0.));
#2601=DIRECTION('center_axis',(0.,0.,-1.));
#2602=DIRECTION('ref_axis',(0.928807055729388,0.370563696585761,0.));
#2603=DIRECTION('',(0.,0.,-1.));
#2604=DIRECTION('center_axis',(0.,0.,-1.));
#2605=DIRECTION('ref_axis',(0.928807055729388,0.370563696585761,0.));
#2606=DIRECTION('',(0.,0.,-1.));
#2607=DIRECTION('center_axis',(0.,0.,-1.));
#2608=DIRECTION('ref_axis',(-0.847132776400574,0.531381274743338,0.));
#2609=DIRECTION('center_axis',(0.,0.,-1.));
#2610=DIRECTION('ref_axis',(-0.847132776400574,0.531381274743338,0.));
#2611=DIRECTION('center_axis',(0.,0.,-1.));
#2612=DIRECTION('ref_axis',(-0.847132776400574,0.531381274743338,0.));
#2613=DIRECTION('',(0.,0.,-1.));
#2614=DIRECTION('center_axis',(0.,0.,-1.));
#2615=DIRECTION('ref_axis',(-0.901478640361862,-0.432823591052207,0.));
#2616=DIRECTION('center_axis',(0.,0.,-1.));
#2617=DIRECTION('ref_axis',(-0.901478640361862,-0.432823591052207,0.));
#2618=DIRECTION('center_axis',(0.,0.,-1.));
#2619=DIRECTION('ref_axis',(-0.901478640361862,-0.432823591052207,0.));
#2620=DIRECTION('',(0.,0.,-1.));
#2621=DIRECTION('center_axis',(0.,0.,-1.));
#2622=DIRECTION('ref_axis',(0.910623813589856,-0.41323633688613,0.));
#2623=DIRECTION('center_axis',(0.,0.,-1.));
#2624=DIRECTION('ref_axis',(0.910623813589856,-0.41323633688613,0.));
#2625=DIRECTION('',(0.,0.,-1.));
#2626=DIRECTION('center_axis',(0.,0.,-1.));
#2627=DIRECTION('ref_axis',(0.910623813589856,-0.41323633688613,0.));
#2628=DIRECTION('',(0.,0.,-1.));
#2629=DIRECTION('center_axis',(0.,0.,-1.));
#2630=DIRECTION('ref_axis',(0.0705610902253987,0.997507459895014,0.));
#2631=DIRECTION('center_axis',(0.,0.,-1.));
#2632=DIRECTION('ref_axis',(-0.983486201092287,-0.180983127006529,0.));
#2633=DIRECTION('center_axis',(0.,0.,-1.));
#2634=DIRECTION('ref_axis',(-0.983486201092287,-0.180983127006529,0.));
#2635=DIRECTION('center_axis',(0.,0.,-1.));
#2636=DIRECTION('ref_axis',(1.,0.,0.));
#2637=DIRECTION('center_axis',(0.,0.,-1.));
#2638=DIRECTION('ref_axis',(1.,0.,0.));
#2639=DIRECTION('',(0.,0.,1.));
#2640=DIRECTION('center_axis',(0.,0.,-1.));
#2641=DIRECTION('ref_axis',(1.,0.,0.));
#2642=DIRECTION('center_axis',(0.,0.,-1.));
#2643=DIRECTION('ref_axis',(1.,0.,0.));
#2644=DIRECTION('center_axis',(0.,0.,-1.));
#2645=DIRECTION('ref_axis',(1.,0.,0.));
#2646=DIRECTION('',(0.,0.,1.));
#2647=DIRECTION('center_axis',(0.,0.,-1.));
#2648=DIRECTION('ref_axis',(1.,0.,0.));
#2649=DIRECTION('center_axis',(0.,0.,-1.));
#2650=DIRECTION('ref_axis',(1.,0.,0.));
#2651=DIRECTION('center_axis',(0.,0.,-1.));
#2652=DIRECTION('ref_axis',(1.,0.,0.));
#2653=DIRECTION('',(0.,0.,1.));
#2654=DIRECTION('center_axis',(0.,0.,-1.));
#2655=DIRECTION('ref_axis',(1.,0.,0.));
#2656=DIRECTION('center_axis',(0.,0.,-1.));
#2657=DIRECTION('ref_axis',(-0.940702875207261,0.339231632629966,0.));
#2658=DIRECTION('center_axis',(0.,0.,-1.));
#2659=DIRECTION('ref_axis',(-0.940702875207261,0.339231632629966,0.));
#2660=DIRECTION('',(0.,0.,-1.));
#2661=DIRECTION('center_axis',(0.,0.,-1.));
#2662=DIRECTION('ref_axis',(-0.940702875207261,0.339231632629966,0.));
#2663=DIRECTION('',(0.,0.,-1.));
#2664=DIRECTION('center_axis',(0.,0.,-1.));
#2665=DIRECTION('ref_axis',(1.,0.,0.));
#2666=DIRECTION('center_axis',(0.,0.,-1.));
#2667=DIRECTION('ref_axis',(1.,0.,0.));
#2668=DIRECTION('',(0.,0.,1.));
#2669=DIRECTION('center_axis',(0.,0.,-1.));
#2670=DIRECTION('ref_axis',(1.,0.,0.));
#2671=DIRECTION('center_axis',(-0.898129261614242,-0.439731542457731,0.));
#2672=DIRECTION('ref_axis',(-0.439731542457731,0.898129261614242,0.));
#2673=DIRECTION('',(0.439731542457731,-0.898129261614242,0.));
#2674=DIRECTION('',(0.,0.,-1.));
#2675=DIRECTION('',(-0.439731542457731,0.898129261614242,0.));
#2676=DIRECTION('',(0.,0.,-1.));
#2677=DIRECTION('center_axis',(0.,-1.,0.));
#2678=DIRECTION('ref_axis',(-1.,0.,0.));
#2679=DIRECTION('',(1.,0.,0.));
#2680=DIRECTION('',(-1.,0.,0.));
#2681=DIRECTION('',(0.,0.,-1.));
#2682=DIRECTION('center_axis',(0.490889801376009,-0.871221672655715,0.));
#2683=DIRECTION('ref_axis',(-0.871221672655716,-0.490889801376009,0.));
#2684=DIRECTION('',(0.871221672655716,0.490889801376009,0.));
#2685=DIRECTION('',(-0.871221672655716,-0.490889801376009,0.));
#2686=DIRECTION('',(0.,0.,-1.));
#2687=DIRECTION('center_axis',(0.845477723561685,0.534010691803967,0.));
#2688=DIRECTION('ref_axis',(0.534010691803967,-0.845477723561684,0.));
#2689=DIRECTION('',(-0.534010691803967,0.845477723561684,0.));
#2690=DIRECTION('',(0.534010691803967,-0.845477723561684,0.));
#2691=DIRECTION('',(0.,0.,-1.));
#2692=DIRECTION('center_axis',(1.,0.,0.));
#2693=DIRECTION('ref_axis',(0.,-1.,0.));
#2694=DIRECTION('',(0.,1.,0.));
#2695=DIRECTION('',(0.,-1.,0.));
#2696=DIRECTION('',(0.,0.,-1.));
#2697=DIRECTION('center_axis',(0.803174251564485,-0.595744174645316,0.));
#2698=DIRECTION('ref_axis',(-0.595744174645316,-0.803174251564485,0.));
#2699=DIRECTION('',(0.595744174645316,0.803174251564485,0.));
#2700=DIRECTION('',(-0.595744174645316,-0.803174251564485,0.));
#2701=DIRECTION('',(0.,0.,-1.));
#2702=DIRECTION('center_axis',(0.961522904907347,0.274724777438324,0.));
#2703=DIRECTION('ref_axis',(0.274724777438324,-0.961522904907347,0.));
#2704=DIRECTION('',(-0.274724777438324,0.961522904907347,0.));
#2705=DIRECTION('',(0.274724777438324,-0.961522904907347,0.));
#2706=DIRECTION('',(0.,0.,-1.));
#2707=DIRECTION('center_axis',(-0.999955764526087,0.00940579560954533,0.));
#2708=DIRECTION('ref_axis',(0.00940579560954533,0.999955764526087,0.));
#2709=DIRECTION('',(-0.00940579560954533,-0.999955764526087,0.));
#2710=DIRECTION('',(0.,0.,-1.));
#2711=DIRECTION('',(0.00940579560954533,0.999955764526087,0.));
#2712=DIRECTION('center_axis',(-1.,0.,0.));
#2713=DIRECTION('ref_axis',(0.,1.,0.));
#2714=DIRECTION('',(0.,1.,0.));
#2715=DIRECTION('',(0.,0.,-1.));
#2716=DIRECTION('',(0.,1.,0.));
#2717=DIRECTION('',(0.,0.,-1.));
#2718=DIRECTION('center_axis',(-0.754325179244011,0.656500970264698,0.));
#2719=DIRECTION('ref_axis',(0.656500970264698,0.754325179244011,0.));
#2720=DIRECTION('',(0.656500970264698,0.754325179244011,0.));
#2721=DIRECTION('',(0.656500970264698,0.754325179244011,0.));
#2722=DIRECTION('',(0.,0.,-1.));
#2723=DIRECTION('center_axis',(-0.656500970264697,-0.754325179244013,0.));
#2724=DIRECTION('ref_axis',(-0.754325179244013,0.656500970264697,0.));
#2725=DIRECTION('',(-0.754325179244013,0.656500970264697,0.));
#2726=DIRECTION('',(-0.754325179244013,0.656500970264697,0.));
#2727=DIRECTION('',(0.,0.,-1.));
#2728=DIRECTION('center_axis',(0.990997839637389,-0.133877861627781,0.));
#2729=DIRECTION('ref_axis',(-0.133877861627781,-0.990997839637389,0.));
#2730=DIRECTION('',(-0.133877861627781,-0.990997839637389,0.));
#2731=DIRECTION('',(-0.133877861627781,-0.990997839637389,0.));
#2732=DIRECTION('',(0.,0.,-1.));
#2733=DIRECTION('center_axis',(-0.133877861627791,-0.990997839637388,0.));
#2734=DIRECTION('ref_axis',(-0.990997839637388,0.133877861627791,0.));
#2735=DIRECTION('',(-0.990997839637388,0.133877861627791,0.));
#2736=DIRECTION('',(-0.990997839637388,0.133877861627791,0.));
#2737=DIRECTION('',(0.,0.,-1.));
#2738=DIRECTION('center_axis',(0.707106781186548,-0.707106781186548,0.));
#2739=DIRECTION('ref_axis',(-0.707106781186548,-0.707106781186548,0.));
#2740=DIRECTION('',(-0.707106781186547,-0.707106781186547,0.));
#2741=DIRECTION('',(-0.707106781186547,-0.707106781186547,0.));
#2742=DIRECTION('',(0.,0.,-1.));
#2743=DIRECTION('center_axis',(0.832050294337844,0.554700196225229,0.));
#2744=DIRECTION('ref_axis',(0.554700196225229,-0.832050294337844,0.));
#2745=DIRECTION('',(0.554700196225229,-0.832050294337844,0.));
#2746=DIRECTION('',(0.554700196225229,-0.832050294337844,0.));
#2747=DIRECTION('',(0.,0.,-1.));
#2748=DIRECTION('center_axis',(0.974888821714308,0.222692131195714,0.));
#2749=DIRECTION('ref_axis',(0.222692131195714,-0.974888821714308,0.));
#2750=DIRECTION('',(0.222692131195714,-0.974888821714308,0.));
#2751=DIRECTION('',(0.222692131195714,-0.974888821714308,0.));
#2752=DIRECTION('',(0.,0.,-1.));
#2753=DIRECTION('center_axis',(0.,0.,-1.));
#2754=DIRECTION('ref_axis',(0.485836991887263,-0.874049436424471,0.));
#2755=DIRECTION('center_axis',(0.,0.,-1.));
#2756=DIRECTION('ref_axis',(0.485836991887263,-0.874049436424471,0.));
#2757=DIRECTION('',(0.,0.,-1.));
#2758=DIRECTION('center_axis',(0.,0.,-1.));
#2759=DIRECTION('ref_axis',(0.485836991887263,-0.874049436424471,0.));
#2760=DIRECTION('',(0.,0.,-1.));
#2761=DIRECTION('center_axis',(0.707106781186548,0.707106781186548,0.));
#2762=DIRECTION('ref_axis',(0.707106781186548,-0.707106781186548,0.));
#2763=DIRECTION('',(0.707106781186548,-0.707106781186548,0.));
#2764=DIRECTION('',(0.707106781186548,-0.707106781186548,0.));
#2765=DIRECTION('',(0.,0.,-1.));
#2766=DIRECTION('center_axis',(-0.496944178495468,0.867782509307179,0.));
#2767=DIRECTION('ref_axis',(0.867782509307179,0.496944178495468,0.));
#2768=DIRECTION('',(-0.867782509307179,-0.496944178495468,0.));
#2769=DIRECTION('',(0.,0.,-1.));
#2770=DIRECTION('',(0.867782509307179,0.496944178495468,0.));
#2771=DIRECTION('center_axis',(0.,0.,-1.));
#2772=DIRECTION('ref_axis',(0.152057184253941,-0.988371697650617,0.));
#2773=DIRECTION('center_axis',(0.,0.,-1.));
#2774=DIRECTION('ref_axis',(0.983902758723058,0.178704676427777,0.));
#2775=DIRECTION('',(0.,0.,-1.));
#2776=DIRECTION('center_axis',(0.,0.,-1.));
#2777=DIRECTION('ref_axis',(0.983902758723058,0.178704676427777,0.));
#2778=DIRECTION('',(0.,0.,-1.));
#2779=DIRECTION('center_axis',(0.,0.,-1.));
#2780=DIRECTION('ref_axis',(0.780670030707252,-0.624943439965201,0.));
#2781=DIRECTION('center_axis',(0.,0.,-1.));
#2782=DIRECTION('ref_axis',(0.780670030707252,-0.624943439965201,0.));
#2783=DIRECTION('center_axis',(0.,0.,1.));
#2784=DIRECTION('ref_axis',(0.780670030707252,-0.624943439965201,0.));
#2785=DIRECTION('',(0.,0.,-1.));
#2786=DIRECTION('center_axis',(0.,0.,-1.));
#2787=DIRECTION('ref_axis',(-0.92865968593852,-0.370932861462245,0.));
#2788=DIRECTION('center_axis',(0.,0.,-1.));
#2789=DIRECTION('ref_axis',(-0.92865968593852,-0.370932861462245,0.));
#2790=DIRECTION('',(0.,0.,-1.));
#2791=DIRECTION('center_axis',(0.,0.,-1.));
#2792=DIRECTION('ref_axis',(-0.92865968593852,-0.370932861462245,0.));
#2793=DIRECTION('center_axis',(0.,0.,-1.));
#2794=DIRECTION('ref_axis',(0.937933565669349,-0.34681497428857,0.));
#2795=DIRECTION('center_axis',(0.,0.,-1.));
#2796=DIRECTION('ref_axis',(0.937933565669349,-0.34681497428857,0.));
#2797=DIRECTION('',(0.,0.,-1.));
#2798=DIRECTION('center_axis',(0.,0.,-1.));
#2799=DIRECTION('ref_axis',(0.937933565669349,-0.34681497428857,0.));
#2800=DIRECTION('',(0.,0.,-1.));
#2801=DIRECTION('center_axis',(0.991431808451845,0.130625300726559,0.));
#2802=DIRECTION('ref_axis',(0.130625300726559,-0.991431808451845,0.));
#2803=DIRECTION('',(0.130625300726559,-0.991431808451845,0.));
#2804=DIRECTION('',(0.,0.,-1.));
#2805=DIRECTION('',(0.130625300726559,-0.991431808451845,0.));
#2806=DIRECTION('',(0.,0.,-1.));
#2807=DIRECTION('center_axis',(-0.999387438928879,-0.0349963842585947,0.));
#2808=DIRECTION('ref_axis',(-0.0349963842585947,0.999387438928879,0.));
#2809=DIRECTION('',(-0.0349963842585947,0.999387438928879,0.));
#2810=DIRECTION('',(-0.0349963842585947,0.999387438928879,0.));
#2811=DIRECTION('',(0.,0.,-1.));
#2812=DIRECTION('center_axis',(-0.956863147992401,0.290539009453246,0.));
#2813=DIRECTION('ref_axis',(0.290539009453246,0.956863147992401,0.));
#2814=DIRECTION('',(0.290539009453246,0.9568631479924,0.));
#2815=DIRECTION('',(0.290539009453246,0.9568631479924,0.));
#2816=DIRECTION('',(0.,0.,-1.));
#2817=DIRECTION('center_axis',(-0.976348527434643,0.216202573935198,0.));
#2818=DIRECTION('ref_axis',(0.216202573935198,0.976348527434643,0.));
#2819=DIRECTION('',(0.216202573935198,0.976348527434643,0.));
#2820=DIRECTION('',(0.216202573935198,0.976348527434643,0.));
#2821=DIRECTION('',(0.,0.,-1.));
#2822=DIRECTION('center_axis',(-0.535601978289072,-0.844470556533993,0.));
#2823=DIRECTION('ref_axis',(-0.844470556533993,0.535601978289072,0.));
#2824=DIRECTION('',(-0.844470556533993,0.535601978289072,0.));
#2825=DIRECTION('',(-0.844470556533993,0.535601978289072,0.));
#2826=DIRECTION('',(0.,0.,-1.));
#2827=DIRECTION('center_axis',(0.844470556533993,-0.535601978289072,0.));
#2828=DIRECTION('ref_axis',(-0.535601978289072,-0.844470556533993,0.));
#2829=DIRECTION('',(-0.535601978289072,-0.844470556533993,0.));
#2830=DIRECTION('',(-0.535601978289072,-0.844470556533993,0.));
#2831=DIRECTION('center_axis',(-0.97780241407741,0.209529088730873,0.));
#2832=DIRECTION('ref_axis',(0.209529088730873,0.97780241407741,0.));
#2833=DIRECTION('',(0.209529088730873,0.97780241407741,0.));
#2834=DIRECTION('',(0.,0.,-1.));
#2835=DIRECTION('',(0.209529088730873,0.97780241407741,0.));
#2836=DIRECTION('',(0.,0.,-1.));
#2837=DIRECTION('center_axis',(-0.97439119569462,-0.224859506698758,0.));
#2838=DIRECTION('ref_axis',(-0.224859506698758,0.97439119569462,0.));
#2839=DIRECTION('',(-0.224859506698758,0.97439119569462,0.));
#2840=DIRECTION('',(-0.224859506698758,0.97439119569462,0.));
#2841=DIRECTION('',(0.,0.,-1.));
#2842=DIRECTION('center_axis',(-0.894427190999916,-0.447213595499958,0.));
#2843=DIRECTION('ref_axis',(-0.447213595499958,0.894427190999916,0.));
#2844=DIRECTION('',(-0.447213595499958,0.894427190999916,0.));
#2845=DIRECTION('',(-0.447213595499958,0.894427190999916,0.));
#2846=DIRECTION('',(0.,0.,-1.));
#2847=DIRECTION('center_axis',(0.707106781186548,0.707106781186548,0.));
#2848=DIRECTION('ref_axis',(0.707106781186548,-0.707106781186548,0.));
#2849=DIRECTION('',(-0.707106781186548,0.707106781186548,0.));
#2850=DIRECTION('',(0.707106781186548,-0.707106781186548,0.));
#2851=DIRECTION('',(0.,0.,-1.));
#2852=DIRECTION('center_axis',(-0.707106781186548,0.707106781186548,0.));
#2853=DIRECTION('ref_axis',(0.707106781186548,0.707106781186548,0.));
#2854=DIRECTION('',(-0.707106781186547,-0.707106781186547,0.));
#2855=DIRECTION('',(0.707106781186547,0.707106781186547,0.));
#2856=DIRECTION('',(0.,0.,-1.));
#2857=DIRECTION('center_axis',(-0.894901275291415,-0.446264167821929,0.));
#2858=DIRECTION('ref_axis',(-0.446264167821929,0.894901275291415,0.));
#2859=DIRECTION('',(0.446264167821929,-0.894901275291415,0.));
#2860=DIRECTION('',(-0.446264167821929,0.894901275291415,0.));
#2861=DIRECTION('',(0.,0.,-1.));
#2862=DIRECTION('center_axis',(-0.819088588286029,-0.573667050247441,0.));
#2863=DIRECTION('ref_axis',(-0.573667050247441,0.819088588286029,0.));
#2864=DIRECTION('',(0.573667050247441,-0.819088588286029,0.));
#2865=DIRECTION('',(-0.573667050247441,0.819088588286029,0.));
#2866=DIRECTION('',(0.,0.,-1.));
#2867=DIRECTION('center_axis',(-0.573667050247432,0.819088588286035,0.));
#2868=DIRECTION('ref_axis',(0.819088588286035,0.573667050247432,0.));
#2869=DIRECTION('',(-0.819088588286035,-0.573667050247432,0.));
#2870=DIRECTION('',(0.819088588286035,0.573667050247432,0.));
#2871=DIRECTION('',(0.,0.,-1.));
#2872=DIRECTION('center_axis',(-0.0441165172642931,-0.999026392496449,0.));
#2873=DIRECTION('ref_axis',(-0.999026392496449,0.0441165172642931,0.));
#2874=DIRECTION('',(0.999026392496449,-0.0441165172642931,0.));
#2875=DIRECTION('',(-0.999026392496449,0.0441165172642931,0.));
#2876=DIRECTION('',(0.,0.,-1.));
#2877=DIRECTION('center_axis',(0.,0.,-1.));
#2878=DIRECTION('ref_axis',(-0.954632187373379,0.297787486021017,0.));
#2879=DIRECTION('center_axis',(0.,0.,-1.));
#2880=DIRECTION('ref_axis',(-0.954632187373379,0.297787486021017,0.));
#2881=DIRECTION('',(0.,0.,-1.));
#2882=DIRECTION('center_axis',(0.,0.,1.));
#2883=DIRECTION('ref_axis',(-0.954632187373379,0.297787486021017,0.));
#2884=DIRECTION('center_axis',(-0.998885786384297,-0.0471930689765341,0.));
#2885=DIRECTION('ref_axis',(-0.0471930689765341,0.998885786384297,0.));
#2886=DIRECTION('',(0.0471930689765341,-0.998885786384297,0.));
#2887=DIRECTION('',(0.,0.,-1.));
#2888=DIRECTION('',(-0.0471930689765341,0.998885786384297,0.));
#2889=DIRECTION('',(0.,0.,-1.));
#2890=DIRECTION('center_axis',(-0.999026392496449,0.0441165172642926,0.));
#2891=DIRECTION('ref_axis',(0.0441165172642926,0.999026392496449,0.));
#2892=DIRECTION('',(-0.0441165172642926,-0.999026392496449,0.));
#2893=DIRECTION('',(0.,0.,-1.));
#2894=DIRECTION('',(0.0441165172642926,0.999026392496449,0.));
#2895=DIRECTION('center_axis',(-0.738626084740399,-0.674115351361374,0.));
#2896=DIRECTION('ref_axis',(-0.674115351361374,0.738626084740399,0.));
#2897=DIRECTION('',(-0.674115351361374,0.738626084740399,0.));
#2898=DIRECTION('',(0.,0.,-1.));
#2899=DIRECTION('',(-0.674115351361374,0.738626084740399,0.));
#2900=DIRECTION('',(0.,0.,-1.));
#2901=DIRECTION('center_axis',(0.,1.,0.));
#2902=DIRECTION('ref_axis',(1.,0.,0.));
#2903=DIRECTION('',(-1.,0.,0.));
#2904=DIRECTION('',(0.,0.,-1.));
#2905=DIRECTION('',(1.,0.,0.));
#2906=DIRECTION('',(0.,0.,-1.));
#2907=DIRECTION('center_axis',(1.,0.,0.));
#2908=DIRECTION('ref_axis',(0.,-1.,0.));
#2909=DIRECTION('',(0.,1.,0.));
#2910=DIRECTION('',(0.,-1.,0.));
#2911=DIRECTION('',(0.,0.,-1.));
#2912=DIRECTION('center_axis',(1.49011610068627E-8,-1.,0.));
#2913=DIRECTION('ref_axis',(-1.,-1.49011610068627E-8,0.));
#2914=DIRECTION('',(1.,1.49011610068627E-8,0.));
#2915=DIRECTION('',(-1.,-1.49011610068627E-8,0.));
#2916=DIRECTION('',(0.,0.,-1.));
#2917=DIRECTION('center_axis',(-1.,0.,0.));
#2918=DIRECTION('ref_axis',(0.,1.,0.));
#2919=DIRECTION('',(0.,-1.,0.));
#2920=DIRECTION('',(0.,1.,0.));
#2921=DIRECTION('center_axis',(-4.82070523850397E-16,1.,0.));
#2922=DIRECTION('ref_axis',(1.,4.82070523850397E-16,0.));
#2923=DIRECTION('',(-1.,-4.82070523850397E-16,0.));
#2924=DIRECTION('',(0.,0.,-1.));
#2925=DIRECTION('',(1.,4.82070523850397E-16,0.));
#2926=DIRECTION('',(0.,0.,-1.));
#2927=DIRECTION('center_axis',(1.,2.3373116307898E-16,0.));
#2928=DIRECTION('ref_axis',(2.3373116307898E-16,-1.,0.));
#2929=DIRECTION('',(-2.3373116307898E-16,1.,0.));
#2930=DIRECTION('',(2.3373116307898E-16,-1.,0.));
#2931=DIRECTION('',(0.,0.,-1.));
#2932=DIRECTION('center_axis',(2.3373116307898E-16,-1.,0.));
#2933=DIRECTION('ref_axis',(-1.,-2.3373116307898E-16,0.));
#2934=DIRECTION('',(1.,2.3373116307898E-16,0.));
#2935=DIRECTION('',(-1.,-2.3373116307898E-16,0.));
#2936=DIRECTION('',(0.,0.,-1.));
#2937=DIRECTION('center_axis',(-1.,-4.67462326157961E-16,0.));
#2938=DIRECTION('ref_axis',(-4.67462326157961E-16,1.,0.));
#2939=DIRECTION('',(4.67462326157961E-16,-1.,0.));
#2940=DIRECTION('',(-4.67462326157961E-16,1.,0.));
#2941=DIRECTION('center_axis',(-1.,-7.01193489236941E-16,0.));
#2942=DIRECTION('ref_axis',(-7.01193489236941E-16,1.,0.));
#2943=DIRECTION('',(7.01193489236941E-16,-1.,0.));
#2944=DIRECTION('',(0.,0.,-1.));
#2945=DIRECTION('',(-7.01193489236941E-16,1.,0.));
#2946=DIRECTION('',(0.,0.,-1.));
#2947=DIRECTION('center_axis',(-6.13544303082323E-16,1.,0.));
#2948=DIRECTION('ref_axis',(1.,6.13544303082323E-16,0.));
#2949=DIRECTION('',(-1.,-6.13544303082323E-16,0.));
#2950=DIRECTION('',(1.,6.13544303082323E-16,0.));
#2951=DIRECTION('',(0.,0.,-1.));
#2952=DIRECTION('center_axis',(1.,1.49011617080562E-8,0.));
#2953=DIRECTION('ref_axis',(1.49011617080562E-8,-1.,0.));
#2954=DIRECTION('',(-1.49011617080562E-8,1.,0.));
#2955=DIRECTION('',(1.49011617080562E-8,-1.,0.));
#2956=DIRECTION('',(0.,0.,-1.));
#2957=DIRECTION('center_axis',(7.01193478788344E-16,-1.,0.));
#2958=DIRECTION('ref_axis',(-1.,-7.01193478788344E-16,0.));
#2959=DIRECTION('',(1.,7.01193478788344E-16,0.));
#2960=DIRECTION('',(-1.,-7.01193478788344E-16,0.));
#2961=DIRECTION('center_axis',(1.,0.,0.));
#2962=DIRECTION('ref_axis',(0.,-1.,0.));
#2963=DIRECTION('',(0.,1.,0.));
#2964=DIRECTION('',(0.,0.,-1.));
#2965=DIRECTION('',(0.,-1.,0.));
#2966=DIRECTION('',(0.,0.,-1.));
#2967=DIRECTION('center_axis',(0.,-1.,0.));
#2968=DIRECTION('ref_axis',(-1.,0.,0.));
#2969=DIRECTION('',(1.,0.,0.));
#2970=DIRECTION('',(-1.,0.,0.));
#2971=DIRECTION('',(0.,0.,-1.));
#2972=DIRECTION('center_axis',(-1.,0.,0.));
#2973=DIRECTION('ref_axis',(0.,1.,0.));
#2974=DIRECTION('',(0.,-1.,0.));
#2975=DIRECTION('',(0.,1.,0.));
#2976=DIRECTION('',(0.,0.,-1.));
#2977=DIRECTION('center_axis',(-1.46081976924363E-17,1.,0.));
#2978=DIRECTION('ref_axis',(1.,1.46081976924363E-17,0.));
#2979=DIRECTION('',(-1.,-1.46081976924363E-17,0.));
#2980=DIRECTION('',(1.,1.46081976924363E-17,0.));
#2981=DIRECTION('center_axis',(-1.,5.84327907697451E-17,0.));
#2982=DIRECTION('ref_axis',(5.84327907697451E-17,1.,0.));
#2983=DIRECTION('',(-5.84327907697451E-17,-1.,0.));
#2984=DIRECTION('',(0.,0.,-1.));
#2985=DIRECTION('',(5.84327907697451E-17,1.,0.));
#2986=DIRECTION('',(0.,0.,-1.));
#2987=DIRECTION('center_axis',(-6.93889390390723E-17,1.,0.));
#2988=DIRECTION('ref_axis',(1.,6.93889390390723E-17,0.));
#2989=DIRECTION('',(-1.,-6.93889390390723E-17,0.));
#2990=DIRECTION('',(1.,6.93889390390723E-17,0.));
#2991=DIRECTION('',(0.,0.,-1.));
#2992=DIRECTION('center_axis',(1.,0.,0.));
#2993=DIRECTION('ref_axis',(0.,-1.,0.));
#2994=DIRECTION('',(0.,1.,0.));
#2995=DIRECTION('',(0.,-1.,0.));
#2996=DIRECTION('',(0.,0.,-1.));
#2997=DIRECTION('center_axis',(0.,-1.,0.));
#2998=DIRECTION('ref_axis',(-1.,0.,0.));
#2999=DIRECTION('',(1.,0.,0.));
#3000=DIRECTION('',(-1.,0.,0.));
#3001=DIRECTION('center_axis',(0.,-1.,0.));
#3002=DIRECTION('ref_axis',(-1.,0.,0.));
#3003=DIRECTION('',(1.,0.,0.));
#3004=DIRECTION('',(0.,0.,-1.));
#3005=DIRECTION('',(-1.,0.,0.));
#3006=DIRECTION('',(0.,0.,-1.));
#3007=DIRECTION('center_axis',(-1.,0.,0.));
#3008=DIRECTION('ref_axis',(0.,1.,0.));
#3009=DIRECTION('',(0.,-1.,0.));
#3010=DIRECTION('',(0.,1.,0.));
#3011=DIRECTION('',(0.,0.,-1.));
#3012=DIRECTION('center_axis',(-2.3373116307898E-16,1.,0.));
#3013=DIRECTION('ref_axis',(1.,2.3373116307898E-16,0.));
#3014=DIRECTION('',(-1.,-2.3373116307898E-16,0.));
#3015=DIRECTION('',(1.,2.3373116307898E-16,0.));
#3016=DIRECTION('',(0.,0.,-1.));
#3017=DIRECTION('center_axis',(1.,2.3373116307898E-16,0.));
#3018=DIRECTION('ref_axis',(2.3373116307898E-16,-1.,0.));
#3019=DIRECTION('',(-2.3373116307898E-16,1.,0.));
#3020=DIRECTION('',(2.3373116307898E-16,-1.,0.));
#3021=DIRECTION('center_axis',(0.,-1.,0.));
#3022=DIRECTION('ref_axis',(-1.,0.,0.));
#3023=DIRECTION('',(1.,0.,0.));
#3024=DIRECTION('',(0.,0.,-1.));
#3025=DIRECTION('',(-1.,0.,0.));
#3026=DIRECTION('',(0.,0.,-1.));
#3027=DIRECTION('center_axis',(1.,0.,0.));
#3028=DIRECTION('ref_axis',(0.,-1.,0.));
#3029=DIRECTION('',(0.,1.,0.));
#3030=DIRECTION('',(0.,-1.,0.));
#3031=DIRECTION('',(0.,0.,-1.));
#3032=DIRECTION('center_axis',(0.,1.,0.));
#3033=DIRECTION('ref_axis',(1.,0.,0.));
#3034=DIRECTION('',(-1.,0.,0.));
#3035=DIRECTION('',(1.,0.,0.));
#3036=DIRECTION('',(0.,0.,-1.));
#3037=DIRECTION('center_axis',(-1.,0.,0.));
#3038=DIRECTION('ref_axis',(0.,1.,0.));
#3039=DIRECTION('',(0.,-1.,0.));
#3040=DIRECTION('',(0.,1.,0.));
#3041=DIRECTION('center_axis',(0.,0.,1.));
#3042=DIRECTION('ref_axis',(1.,0.,0.));
#3043=DIRECTION('center_axis',(0.,0.,-1.));
#3044=DIRECTION('ref_axis',(-1.,0.,0.));
#3045=DIRECTION('',(0.,0.,1.));
#3046=DIRECTION('',(1.,0.,0.));
#3047=CARTESIAN_POINT('',(0.,0.,0.));
#3048=CARTESIAN_POINT('',(0.,0.,0.));
#3049=CARTESIAN_POINT('Origin',(66.3999985158443,38.7999991327524,-2.));
#3050=CARTESIAN_POINT('',(66.3999985158443,37.9999991506338,-2.));
#3051=CARTESIAN_POINT('',(66.3999985158443,38.7999991327524,-2.));
#3052=CARTESIAN_POINT('',(66.3999985158443,37.9999991506338,-2.));
#3053=CARTESIAN_POINT('',(66.3999985158443,37.9999991506338,-3.5));
#3054=CARTESIAN_POINT('',(66.3999985158443,37.9999991506338,-2.));
#3055=CARTESIAN_POINT('',(66.3999985158443,38.7999991327524,-3.5));
#3056=CARTESIAN_POINT('',(66.3999985158443,37.9999991506338,-3.5));
#3057=CARTESIAN_POINT('',(66.3999985158443,38.7999991327524,-2.));
#3058=CARTESIAN_POINT('Origin',(64.912320482305,36.9693486170744,-2.));
#3059=CARTESIAN_POINT('',(63.117446718019,38.5000005736947,-2.));
#3060=CARTESIAN_POINT('Origin',(64.912320482305,36.9693486170744,-2.));
#3061=CARTESIAN_POINT('',(63.117446718019,38.5000005736947,-3.5));
#3062=CARTESIAN_POINT('Origin',(64.912320482305,36.9693486170744,-3.5));
#3063=CARTESIAN_POINT('',(63.117446718019,38.5000005736947,-2.));
#3064=CARTESIAN_POINT('Origin',(63.117446718019,33.1370550573509,-2.));
#3065=CARTESIAN_POINT('',(63.117446718019,33.1370550573509,-2.));
#3066=CARTESIAN_POINT('',(63.117446718019,33.1370550573509,-2.));
#3067=CARTESIAN_POINT('',(63.117446718019,33.1370550573509,-3.5));
#3068=CARTESIAN_POINT('',(63.117446718019,33.1370550573509,-3.5));
#3069=CARTESIAN_POINT('',(63.117446718019,33.1370550573509,-2.));
#3070=CARTESIAN_POINT('Origin',(63.0000009387732,31.5000004693866,-2.));
#3071=CARTESIAN_POINT('',(63.0000009387732,31.5000004693866,-2.));
#3072=CARTESIAN_POINT('',(63.0000009387732,31.5000004693866,-2.));
#3073=CARTESIAN_POINT('',(63.0000009387732,31.5000004693866,-3.5));
#3074=CARTESIAN_POINT('',(63.0000009387732,31.5000004693866,-3.5));
#3075=CARTESIAN_POINT('',(63.0000009387732,31.5000004693866,-2.));
#3076=CARTESIAN_POINT('Origin',(63.2348924972649,29.7689132934634,-2.));
#3077=CARTESIAN_POINT('',(63.2348924972649,29.7689132934634,-2.));
#3078=CARTESIAN_POINT('',(63.2348924972649,29.7689132934634,-2.));
#3079=CARTESIAN_POINT('',(63.2348924972649,29.7689132934634,-3.5));
#3080=CARTESIAN_POINT('',(63.2348924972649,29.7689132934634,-3.5));
#3081=CARTESIAN_POINT('',(63.2348924972649,29.7689132934634,-2.));
#3082=CARTESIAN_POINT('Origin',(63.6183294949126,29.0000004321337,-2.));
#3083=CARTESIAN_POINT('',(63.6183294949126,29.0000004321337,-2.));
#3084=CARTESIAN_POINT('',(63.6183294949126,29.0000004321337,-2.));
#3085=CARTESIAN_POINT('',(63.6183294949126,29.0000004321337,-3.5));
#3086=CARTESIAN_POINT('',(63.6183294949126,29.0000004321337,-3.5));
#3087=CARTESIAN_POINT('',(63.6183294949126,29.0000004321337,-2.));
#3088=CARTESIAN_POINT('Origin',(63.6183294949126,25.1284932063385,-2.));
#3089=CARTESIAN_POINT('',(63.6183294949126,25.1284932063385,-2.));
#3090=CARTESIAN_POINT('',(63.6183294949126,25.1284932063385,-2.));
#3091=CARTESIAN_POINT('',(63.6183294949126,25.1284932063385,-3.5));
#3092=CARTESIAN_POINT('',(63.6183294949126,25.1284932063385,-3.5));
#3093=CARTESIAN_POINT('',(63.6183294949126,25.1284932063385,-2.));
#3094=CARTESIAN_POINT('Origin',(63.3729947186188,24.5000003650784,-2.));
#3095=CARTESIAN_POINT('',(63.3729947186188,24.5000003650784,-2.));
#3096=CARTESIAN_POINT('',(63.3729947186188,24.5000003650784,-2.));
#3097=CARTESIAN_POINT('',(63.3729947186188,24.5000003650784,-3.5));
#3098=CARTESIAN_POINT('',(63.3729947186188,24.5000003650784,-3.5));
#3099=CARTESIAN_POINT('',(63.3729947186188,24.5000003650784,-2.));
#3100=CARTESIAN_POINT('Origin',(63.3729947186188,24.0633833475503,-2.));
#3101=CARTESIAN_POINT('',(63.3729947186188,24.0633833475503,-2.));
#3102=CARTESIAN_POINT('',(63.3729947186188,24.0633833475503,-2.));
#3103=CARTESIAN_POINT('',(63.3729947186188,24.0633833475503,-3.5));
#3104=CARTESIAN_POINT('',(63.3729947186188,24.0633833475503,-3.5));
#3105=CARTESIAN_POINT('',(63.3729947186188,24.0633833475503,-2.));
#3106=CARTESIAN_POINT('Origin',(63.2614132985553,23.0591505669789,-2.));
#3107=CARTESIAN_POINT('',(63.2614132985553,23.0591505669789,-2.));
#3108=CARTESIAN_POINT('',(63.2614132985553,23.0591505669789,-2.));
#3109=CARTESIAN_POINT('',(63.2614132985553,23.0591505669789,-3.5));
#3110=CARTESIAN_POINT('',(63.2614132985553,23.0591505669789,-3.5));
#3111=CARTESIAN_POINT('',(63.2614132985553,23.0591505669789,-2.));
#3112=CARTESIAN_POINT('Origin',(64.8750009667128,23.0591505669789,-2.));
#3113=CARTESIAN_POINT('',(64.8750009667128,23.0591505669789,-2.));
#3114=CARTESIAN_POINT('',(64.8750009667128,23.0591505669789,-2.));
#3115=CARTESIAN_POINT('',(64.8750009667128,23.0591505669789,-3.5));
#3116=CARTESIAN_POINT('',(64.8750009667128,23.0591505669789,-3.5));
#3117=CARTESIAN_POINT('',(64.8750009667128,23.0591505669789,-2.));
#3118=CARTESIAN_POINT('Origin',(64.0000009536743,24.5000003650784,-2.));
#3119=CARTESIAN_POINT('',(64.0000009536743,24.5000003650784,-2.));
#3120=CARTESIAN_POINT('',(64.0000009536743,24.5000003650784,-2.));
#3121=CARTESIAN_POINT('',(64.0000009536743,24.5000003650784,-3.5));
#3122=CARTESIAN_POINT('',(64.0000009536743,24.5000003650784,-3.5));
#3123=CARTESIAN_POINT('',(64.0000009536743,24.5000003650784,-2.));
#3124=CARTESIAN_POINT('Origin',(64.5000009611249,29.0000004321337,-2.));
#3125=CARTESIAN_POINT('',(64.5000009611249,29.0000004321337,-2.));
#3126=CARTESIAN_POINT('',(64.5000009611249,29.0000004321337,-2.));
#3127=CARTESIAN_POINT('',(64.5000009611249,29.0000004321337,-3.5));
#3128=CARTESIAN_POINT('',(64.5000009611249,29.0000004321337,-3.5));
#3129=CARTESIAN_POINT('',(64.5000009611249,29.0000004321337,-2.));
#3130=CARTESIAN_POINT('Origin',(65.0000009685755,29.0000004321337,-2.));
#3131=CARTESIAN_POINT('',(65.0000009685755,29.0000004321337,-2.));
#3132=CARTESIAN_POINT('',(65.0000009685755,29.0000004321337,-2.));
#3133=CARTESIAN_POINT('',(65.0000009685755,29.0000004321337,-3.5));
#3134=CARTESIAN_POINT('',(65.0000009685755,29.0000004321337,-3.5));
#3135=CARTESIAN_POINT('',(65.0000009685755,29.0000004321337,-2.));
#3136=CARTESIAN_POINT('Origin',(65.0000009685755,24.7711685947915,-2.));
#3137=CARTESIAN_POINT('',(65.0000009685755,24.7711685947915,-2.));
#3138=CARTESIAN_POINT('',(65.0000009685755,24.7711685947915,-2.));
#3139=CARTESIAN_POINT('',(65.0000009685755,24.7711685947915,-3.5));
#3140=CARTESIAN_POINT('',(65.0000009685755,24.7711685947915,-3.5));
#3141=CARTESIAN_POINT('',(65.0000009685755,24.7711685947915,-2.));
#3142=CARTESIAN_POINT('Origin',(64.7500009648502,23.7500003539026,-2.));
#3143=CARTESIAN_POINT('',(64.7500009648502,23.7500003539026,-2.));
#3144=CARTESIAN_POINT('',(64.7500009648502,23.7500003539026,-2.));
#3145=CARTESIAN_POINT('',(64.7500009648502,23.7500003539026,-3.5));
#3146=CARTESIAN_POINT('',(64.7500009648502,23.7500003539026,-3.5));
#3147=CARTESIAN_POINT('',(64.7500009648502,23.7500003539026,-2.));
#3148=CARTESIAN_POINT('Origin',(65.0000009685755,23.5000003501773,-2.));
#3149=CARTESIAN_POINT('',(65.0000009685755,23.5000003501773,-2.));
#3150=CARTESIAN_POINT('',(65.0000009685755,23.5000003501773,-2.));
#3151=CARTESIAN_POINT('',(65.0000009685755,23.5000003501773,-3.5));
#3152=CARTESIAN_POINT('',(65.0000009685755,23.5000003501773,-3.5));
#3153=CARTESIAN_POINT('',(65.0000009685755,23.5000003501773,-2.));
#3154=CARTESIAN_POINT('Origin',(66.098101052262,23.250000346452,-2.));
#3155=CARTESIAN_POINT('',(66.098101052262,23.250000346452,-2.));
#3156=CARTESIAN_POINT('',(66.098101052262,23.250000346452,-2.));
#3157=CARTESIAN_POINT('',(66.098101052262,23.250000346452,-3.5));
#3158=CARTESIAN_POINT('',(66.098101052262,23.250000346452,-3.5));
#3159=CARTESIAN_POINT('',(66.098101052262,23.250000346452,-2.));
#3160=CARTESIAN_POINT('Origin',(67.2500010021031,23.250000346452,-2.));
#3161=CARTESIAN_POINT('',(67.2500010021031,23.250000346452,-2.));
#3162=CARTESIAN_POINT('',(67.2500010021031,23.250000346452,-2.));
#3163=CARTESIAN_POINT('',(67.2500010021031,23.250000346452,-3.5));
#3164=CARTESIAN_POINT('',(67.2500010021031,23.250000346452,-3.5));
#3165=CARTESIAN_POINT('',(67.2500010021031,23.250000346452,-2.));
#3166=CARTESIAN_POINT('Origin',(67.5000010058284,23.5000003501773,-2.));
#3167=CARTESIAN_POINT('',(67.5000010058284,23.5000003501773,-2.));
#3168=CARTESIAN_POINT('',(67.5000010058284,23.5000003501773,-2.));
#3169=CARTESIAN_POINT('',(67.5000010058284,23.5000003501773,-3.5));
#3170=CARTESIAN_POINT('',(67.5000010058284,23.5000003501773,-3.5));
#3171=CARTESIAN_POINT('',(67.5000010058284,23.5000003501773,-2.));
#3172=CARTESIAN_POINT('Origin',(67.0000009983778,24.0000003576279,-2.));
#3173=CARTESIAN_POINT('',(67.0000009983778,24.0000003576279,-2.));
#3174=CARTESIAN_POINT('',(67.5000010058284,23.5000003501773,-2.));
#3175=CARTESIAN_POINT('',(67.0000009983778,24.0000003576279,-3.5));
#3176=CARTESIAN_POINT('',(67.5000010058284,23.5000003501773,-3.5));
#3177=CARTESIAN_POINT('',(67.0000009983778,24.0000003576279,-2.));
#3178=CARTESIAN_POINT('Origin',(66.696201128498,23.8512574192889,-2.));
#3179=CARTESIAN_POINT('',(66.696201128498,23.8512574192889,-2.));
#3180=CARTESIAN_POINT('',(67.0000009983778,24.0000003576279,-2.));
#3181=CARTESIAN_POINT('',(66.696201128498,23.8512574192889,-3.5));
#3182=CARTESIAN_POINT('',(67.0000009983778,24.0000003576279,-3.5));
#3183=CARTESIAN_POINT('',(66.696201128498,23.8512574192889,-2.));
#3184=CARTESIAN_POINT('Origin',(65.5000009760261,24.5000003650784,-2.));
#3185=CARTESIAN_POINT('',(65.5000009760261,24.5000003650784,-2.));
#3186=CARTESIAN_POINT('',(66.696201128498,23.8512574192889,-2.));
#3187=CARTESIAN_POINT('',(65.5000009760261,24.5000003650784,-3.5));
#3188=CARTESIAN_POINT('',(66.696201128498,23.8512574192889,-3.5));
#3189=CARTESIAN_POINT('',(65.5000009760261,24.5000003650784,-2.));
#3190=CARTESIAN_POINT('Origin',(65.7543686198579,27.2229163695799,-2.));
#3191=CARTESIAN_POINT('',(65.7543686198579,27.2229163695799,-2.));
#3192=CARTESIAN_POINT('',(65.5000009760261,24.5000003650784,-2.));
#3193=CARTESIAN_POINT('',(65.7543686198579,27.2229163695799,-3.5));
#3194=CARTESIAN_POINT('',(65.5000009760261,24.5000003650784,-3.5));
#3195=CARTESIAN_POINT('',(65.7543686198579,27.2229163695799,-2.));
#3196=CARTESIAN_POINT('Origin',(66.0000009834766,29.0000004321337,-2.));
#3197=CARTESIAN_POINT('',(66.0000009834766,29.0000004321337,-2.));
#3198=CARTESIAN_POINT('',(65.7543686198579,27.2229163695799,-2.));
#3199=CARTESIAN_POINT('',(66.0000009834766,29.0000004321337,-3.5));
#3200=CARTESIAN_POINT('',(65.7543686198579,27.2229163695799,-3.5));
#3201=CARTESIAN_POINT('',(66.0000009834766,29.0000004321337,-2.));
#3202=CARTESIAN_POINT('Origin',(66.3999985158443,37.9999991506338,-2.));
#3203=CARTESIAN_POINT('',(66.3922658080719,37.8248906055993,-2.));
#3204=CARTESIAN_POINT('',(66.3999985158443,37.9999991506338,-2.));
#3205=CARTESIAN_POINT('',(66.3922658080719,37.8248906055993,-3.5));
#3206=CARTESIAN_POINT('',(66.3922658080719,37.8248906055993,-2.));
#3207=CARTESIAN_POINT('',(66.3999985158443,37.9999991506338,-3.5));
#3208=CARTESIAN_POINT('Origin',(64.7737226536509,36.6979779567714,-2.));
#3209=CARTESIAN_POINT('',(66.6999985091388,37.4999991618097,-2.));
#3210=CARTESIAN_POINT('',(66.7999985069036,36.1999991908669,-2.));
#3211=CARTESIAN_POINT('Origin',(64.7737226536509,36.6979779567714,-2.));
#3212=CARTESIAN_POINT('',(66.7999985069036,36.1999991908669,-3.5));
#3213=CARTESIAN_POINT('',(66.7999985069036,36.1999991908669,-2.));
#3214=CARTESIAN_POINT('',(66.6999985091388,37.4999991618097,-3.5));
#3215=CARTESIAN_POINT('Origin',(64.7737226536509,36.6979779567714,-3.5));
#3216=CARTESIAN_POINT('',(66.6999985091388,37.4999991618097,-2.));
#3217=CARTESIAN_POINT('Origin',(66.1194226319972,37.2582714968573,-2.));
#3218=CARTESIAN_POINT('',(65.5618894262764,37.549230837042,-2.));
#3219=CARTESIAN_POINT('Origin',(66.1194226319972,37.2582714968573,-2.));
#3220=CARTESIAN_POINT('',(65.5618894262764,37.549230837042,-3.5));
#3221=CARTESIAN_POINT('Origin',(66.1194226319972,37.2582714968573,-3.5));
#3222=CARTESIAN_POINT('',(65.5618894262764,37.549230837042,-2.));
#3223=CARTESIAN_POINT('Origin',(66.5983167082239,37.0083516100754,-2.));
#3224=CARTESIAN_POINT('',(65.5999985337257,36.3999991863966,-2.));
#3225=CARTESIAN_POINT('Origin',(66.5983167082239,37.0083516100754,-2.));
#3226=CARTESIAN_POINT('',(65.5999985337257,36.3999991863966,-3.5));
#3227=CARTESIAN_POINT('Origin',(66.5983167082239,37.0083516100754,-3.5));
#3228=CARTESIAN_POINT('',(65.5999985337257,36.3999991863966,-2.));
#3229=CARTESIAN_POINT('Origin',(66.2633318522324,36.6799991801381,-2.));
#3230=CARTESIAN_POINT('Origin',(66.2633318522324,36.6799991801381,-2.));
#3231=CARTESIAN_POINT('Origin',(66.2633318522324,36.6799991801381,-3.5));
#3232=CARTESIAN_POINT('Origin',(64.1273678428911,37.5119512519335,-2.));
#3233=CARTESIAN_POINT('',(65.0999985449016,37.899999152869,-2.));
#3234=CARTESIAN_POINT('',(65.023009532719,36.9693486170744,-2.));
#3235=CARTESIAN_POINT('Origin',(64.1273678428911,37.5119512519335,-2.));
#3236=CARTESIAN_POINT('',(65.023009532719,36.9693486170744,-3.5));
#3237=CARTESIAN_POINT('',(65.023009532719,36.9693486170744,-2.));
#3238=CARTESIAN_POINT('',(65.0999985449016,37.899999152869,-3.5));
#3239=CARTESIAN_POINT('Origin',(64.1273678428911,37.5119512519335,-3.5));
#3240=CARTESIAN_POINT('',(65.0999985449016,37.899999152869,-2.));
#3241=CARTESIAN_POINT('Origin',(64.480670334176,37.0870200391576,-2.));
#3242=CARTESIAN_POINT('',(63.6148929810638,37.6300965040956,-2.));
#3243=CARTESIAN_POINT('Origin',(64.480670334176,37.0870200391576,-2.));
#3244=CARTESIAN_POINT('',(63.6148929810638,37.6300965040956,-3.5));
#3245=CARTESIAN_POINT('Origin',(64.480670334176,37.0870200391576,-3.5));
#3246=CARTESIAN_POINT('',(63.6148929810638,37.6300965040956,-2.));
#3247=CARTESIAN_POINT('Origin',(64.3102579251773,37.30211728134,-2.));
#3248=CARTESIAN_POINT('',(63.617172221859,36.9693486170744,-2.));
#3249=CARTESIAN_POINT('Origin',(64.3102579251773,37.30211728134,-2.));
#3250=CARTESIAN_POINT('',(63.617172221859,36.9693486170744,-3.5));
#3251=CARTESIAN_POINT('Origin',(64.3102579251773,37.30211728134,-3.5));
#3252=CARTESIAN_POINT('',(63.617172221859,36.9693486170744,-2.));
#3253=CARTESIAN_POINT('Origin',(64.3256278602769,36.9060250821745,-2.));
#3254=CARTESIAN_POINT('',(64.9999985471368,36.5999991819263,-2.));
#3255=CARTESIAN_POINT('',(63.6148929810638,36.6979779567714,-2.));
#3256=CARTESIAN_POINT('Origin',(64.3256278602769,36.9060250821745,-2.));
#3257=CARTESIAN_POINT('',(63.6148929810638,36.6979779567714,-3.5));
#3258=CARTESIAN_POINT('',(63.6148929810638,36.6979779567714,-2.));
#3259=CARTESIAN_POINT('',(64.9999985471368,36.5999991819263,-3.5));
#3260=CARTESIAN_POINT('Origin',(64.3256278602769,36.9060250821745,-3.5));
#3261=CARTESIAN_POINT('',(64.9999985471368,36.5999991819263,-2.));
#3262=CARTESIAN_POINT('Origin',(64.320090877289,36.8277499050463,-2.));
#3263=CARTESIAN_POINT('Origin',(64.320090877289,36.8277499050463,-2.));
#3264=CARTESIAN_POINT('Origin',(64.320090877289,36.8277499050463,-3.5));
#3265=CARTESIAN_POINT('Origin',(64.320090877289,36.8277499050463,-2.));
#3266=CARTESIAN_POINT('',(63.7482854526795,36.8277499050463,-3.5));
#3267=CARTESIAN_POINT('Origin',(64.320090877289,36.8277499050463,-3.5));
#3268=CARTESIAN_POINT('',(63.7482854526795,36.8277499050463,-2.));
#3269=CARTESIAN_POINT('',(63.7482854526795,36.8277499050463,-2.));
#3270=CARTESIAN_POINT('Origin',(64.320090877289,36.8277499050463,-2.));
#3271=CARTESIAN_POINT('Origin',(64.320090877289,36.8277499050463,-2.));
#3272=CARTESIAN_POINT('',(64.004597883986,36.8277499050463,-3.5));
#3273=CARTESIAN_POINT('Origin',(64.320090877289,36.8277499050463,-3.5));
#3274=CARTESIAN_POINT('',(64.004597883986,36.8277499050463,-2.));
#3275=CARTESIAN_POINT('',(64.004597883986,36.8277499050463,-2.));
#3276=CARTESIAN_POINT('Origin',(64.320090877289,36.8277499050463,-2.));
#3277=CARTESIAN_POINT('Origin',(66.2633318522324,36.6799991801381,-2.));
#3278=CARTESIAN_POINT('',(65.7055930425002,36.6799991801381,-3.5));
#3279=CARTESIAN_POINT('Origin',(66.2633318522324,36.6799991801381,-3.5));
#3280=CARTESIAN_POINT('',(65.7055930425002,36.6799991801381,-2.));
#3281=CARTESIAN_POINT('',(65.7055930425002,36.6799991801381,-2.));
#3282=CARTESIAN_POINT('Origin',(66.2633318522324,36.6799991801381,-2.));
#3283=CARTESIAN_POINT('Origin',(66.2989105594698,36.4438773524065,-2.));
#3284=CARTESIAN_POINT('',(65.4588755872081,36.7468066222291,-2.));
#3285=CARTESIAN_POINT('',(66.8037416054401,37.1804712107589,-2.));
#3286=CARTESIAN_POINT('Origin',(66.2989105594698,36.4438773524065,-2.));
#3287=CARTESIAN_POINT('',(66.8037416054401,37.1804712107589,-3.5));
#3288=CARTESIAN_POINT('',(66.8037416054401,37.1804712107589,-2.));
#3289=CARTESIAN_POINT('',(65.4588755872081,36.7468066222291,-3.5));
#3290=CARTESIAN_POINT('Origin',(66.2989105594698,36.4438773524065,-3.5));
#3291=CARTESIAN_POINT('',(65.4588755872081,36.7468066222291,-2.));
#3292=CARTESIAN_POINT('Origin',(66.2633318522324,36.6799991801381,-2.));
#3293=CARTESIAN_POINT('',(65.9458916641144,36.6799991801381,-3.5));
#3294=CARTESIAN_POINT('Origin',(66.2633318522324,36.6799991801381,-3.5));
#3295=CARTESIAN_POINT('',(65.9458916641144,36.6799991801381,-2.));
#3296=CARTESIAN_POINT('',(65.9458916641144,36.6799991801381,-2.));
#3297=CARTESIAN_POINT('Origin',(66.2633318522324,36.6799991801381,-2.));
#3298=CARTESIAN_POINT('Origin',(68.8307815695504,23.2182753747216,-2.));
#3299=CARTESIAN_POINT('',(66.0000009834766,29.0000004321337,-2.));
#3300=CARTESIAN_POINT('',(68.8307815695504,23.2182753747216,-2.));
#3301=CARTESIAN_POINT('',(66.0000009834766,29.0000004321337,-2.));
#3302=CARTESIAN_POINT('',(66.0000009834766,29.0000004321337,-3.5));
#3303=CARTESIAN_POINT('',(66.0000009834766,29.0000004321337,-2.));
#3304=CARTESIAN_POINT('',(68.8307815695504,23.2182753747216,-3.5));
#3305=CARTESIAN_POINT('',(66.0000009834766,29.0000004321337,-3.5));
#3306=CARTESIAN_POINT('',(68.8307815695504,23.2182753747216,-2.));
#3307=CARTESIAN_POINT('Origin',(69.5000010356307,23.2182753747216,-2.));
#3308=CARTESIAN_POINT('',(69.5000010356307,23.2182753747216,-2.));
#3309=CARTESIAN_POINT('',(68.8307815695504,23.2182753747216,-2.));
#3310=CARTESIAN_POINT('',(69.5000010356307,23.2182753747216,-3.5));
#3311=CARTESIAN_POINT('',(68.8307815695504,23.2182753747216,-3.5));
#3312=CARTESIAN_POINT('',(69.5000010356307,23.2182753747216,-2.));
#3313=CARTESIAN_POINT('Origin',(70.0000010430813,23.5000003501773,-2.));
#3314=CARTESIAN_POINT('',(70.0000010430813,23.5000003501773,-2.));
#3315=CARTESIAN_POINT('',(69.5000010356307,23.2182753747216,-2.));
#3316=CARTESIAN_POINT('',(70.0000010430813,23.5000003501773,-3.5));
#3317=CARTESIAN_POINT('',(69.5000010356307,23.2182753747216,-3.5));
#3318=CARTESIAN_POINT('',(70.0000010430813,23.5000003501773,-2.));
#3319=CARTESIAN_POINT('Origin',(66.2582638443765,29.4241428766875,-2.));
#3320=CARTESIAN_POINT('',(66.2582638443765,29.4241428766875,-2.));
#3321=CARTESIAN_POINT('',(70.0000010430813,23.5000003501773,-2.));
#3322=CARTESIAN_POINT('',(66.2582638443765,29.4241428766875,-3.5));
#3323=CARTESIAN_POINT('',(70.0000010430813,23.5000003501773,-3.5));
#3324=CARTESIAN_POINT('',(66.2582638443765,29.4241428766875,-2.));
#3325=CARTESIAN_POINT('Origin',(66.2582638443765,34.5000005140901,-2.));
#3326=CARTESIAN_POINT('',(66.2582638443765,34.5000005140901,-2.));
#3327=CARTESIAN_POINT('',(66.2582638443765,29.4241428766875,-2.));
#3328=CARTESIAN_POINT('',(66.2582638443765,34.5000005140901,-3.5));
#3329=CARTESIAN_POINT('',(66.2582638443765,34.0000005066395,-3.5));
#3330=CARTESIAN_POINT('',(66.2582638443765,34.5000005140901,-2.));
#3331=CARTESIAN_POINT('Origin',(67.0000009983778,35.5000005289912,-2.));
#3332=CARTESIAN_POINT('',(67.0000009983778,35.5000005289912,-2.));
#3333=CARTESIAN_POINT('',(66.2582638443765,34.5000005140901,-2.));
#3334=CARTESIAN_POINT('',(67.0000009983778,35.5000005289912,-3.5));
#3335=CARTESIAN_POINT('',(66.2582638443765,34.5000005140901,-3.5));
#3336=CARTESIAN_POINT('',(67.0000009983778,35.5000005289912,-2.));
#3337=CARTESIAN_POINT('Origin',(66.7999985069036,36.1999991908669,-2.));
#3338=CARTESIAN_POINT('',(66.7999985069036,36.1999991908669,-2.));
#3339=CARTESIAN_POINT('',(67.0000009983778,35.5000005289912,-2.));
#3340=CARTESIAN_POINT('',(66.7999985069036,36.1999991908669,-3.5));
#3341=CARTESIAN_POINT('',(67.0000009983778,35.5000005289912,-3.5));
#3342=CARTESIAN_POINT('',(66.7999985069036,36.1999991908669,-2.));
#3343=CARTESIAN_POINT('Origin',(66.0000009834766,29.0000004321337,-2.));
#3344=CARTESIAN_POINT('',(66.0471342307412,34.0108643993669,-2.));
#3345=CARTESIAN_POINT('',(66.0471342307412,34.0108643993669,-2.));
#3346=CARTESIAN_POINT('',(66.0471342307412,34.0108643993669,-3.5));
#3347=CARTESIAN_POINT('',(66.0471342307412,34.0108643993669,-2.));
#3348=CARTESIAN_POINT('',(66.0471342307412,34.0108643993669,-3.5));
#3349=CARTESIAN_POINT('Origin',(65.0356182309146,35.8212474976128,-2.));
#3350=CARTESIAN_POINT('',(65.0356182309146,35.8212474976128,-2.));
#3351=CARTESIAN_POINT('',(65.0356182309146,36.7999991774559,-2.));
#3352=CARTESIAN_POINT('',(65.0356182309146,35.8212474976128,-2.));
#3353=CARTESIAN_POINT('',(65.0356182309146,36.7999991774559,-3.5));
#3354=CARTESIAN_POINT('',(65.0356182309146,36.7999991774559,-2.));
#3355=CARTESIAN_POINT('',(65.0356182309146,35.8212474976128,-3.5));
#3356=CARTESIAN_POINT('',(65.0356182309146,35.8212474976128,-3.5));
#3357=CARTESIAN_POINT('',(65.0356182309146,35.8212474976128,-2.));
#3358=CARTESIAN_POINT('Origin',(64.7879860494107,35.5367160221693,-2.));
#3359=CARTESIAN_POINT('',(64.7879860494107,35.5367160221693,-2.));
#3360=CARTESIAN_POINT('',(64.7879860494107,35.5367160221693,-2.));
#3361=CARTESIAN_POINT('',(64.7879860494107,35.5367160221693,-3.5));
#3362=CARTESIAN_POINT('',(64.7879860494107,35.5367160221693,-3.5));
#3363=CARTESIAN_POINT('',(64.7879860494107,35.5367160221693,-2.));
#3364=CARTESIAN_POINT('Origin',(65.0356182309146,35.3211978717756,-2.));
#3365=CARTESIAN_POINT('',(65.0356182309146,35.3211978717756,-2.));
#3366=CARTESIAN_POINT('',(65.0356182309146,35.3211978717756,-2.));
#3367=CARTESIAN_POINT('',(65.0356182309146,35.3211978717756,-3.5));
#3368=CARTESIAN_POINT('',(65.0356182309146,35.3211978717756,-3.5));
#3369=CARTESIAN_POINT('',(65.0356182309146,35.3211978717756,-2.));
#3370=CARTESIAN_POINT('Origin',(65.0597732183358,35.4999992065132,-2.));
#3371=CARTESIAN_POINT('',(65.0597732183358,35.4999992065132,-2.));
#3372=CARTESIAN_POINT('',(65.0597732183358,35.4999992065132,-2.));
#3373=CARTESIAN_POINT('',(65.0597732183358,35.4999992065132,-3.5));
#3374=CARTESIAN_POINT('',(65.0597732183358,35.4999992065132,-3.5));
#3375=CARTESIAN_POINT('',(65.0597732183358,35.4999992065132,-2.));
#3376=CARTESIAN_POINT('Origin',(65.7999985292554,35.3999992087483,-2.));
#3377=CARTESIAN_POINT('',(65.7999985292554,35.3999992087483,-2.));
#3378=CARTESIAN_POINT('',(65.7999985292554,35.3999992087483,-2.));
#3379=CARTESIAN_POINT('',(65.7999985292554,35.3999992087483,-3.5));
#3380=CARTESIAN_POINT('',(65.7999985292554,35.3999992087483,-3.5));
#3381=CARTESIAN_POINT('',(65.7999985292554,35.3999992087483,-2.));
#3382=CARTESIAN_POINT('Origin',(65.8999985270202,35.4999992065132,-2.));
#3383=CARTESIAN_POINT('',(65.8999985270202,35.4999992065132,-2.));
#3384=CARTESIAN_POINT('',(65.8999985270202,35.4999992065132,-2.));
#3385=CARTESIAN_POINT('',(65.8999985270202,35.4999992065132,-3.5));
#3386=CARTESIAN_POINT('',(65.8999985270202,35.4999992065132,-3.5));
#3387=CARTESIAN_POINT('',(65.8999985270202,35.4999992065132,-2.));
#3388=CARTESIAN_POINT('Origin',(65.6999985314906,35.7999991998076,-2.));
#3389=CARTESIAN_POINT('',(65.6999985314906,35.7999991998076,-2.));
#3390=CARTESIAN_POINT('',(65.6999985314906,35.7999991998076,-2.));
#3391=CARTESIAN_POINT('',(65.6999985314906,35.7999991998076,-3.5));
#3392=CARTESIAN_POINT('',(65.6999985314906,35.7999991998076,-3.5));
#3393=CARTESIAN_POINT('',(65.6999985314906,35.7999991998076,-2.));
#3394=CARTESIAN_POINT('Origin',(65.5349355993315,36.5226022238895,-2.));
#3395=CARTESIAN_POINT('',(65.5349355993315,36.5226022238895,-2.));
#3396=CARTESIAN_POINT('',(65.5349355993315,36.5226022238895,-2.));
#3397=CARTESIAN_POINT('',(65.5349355993315,36.5226022238895,-3.5));
#3398=CARTESIAN_POINT('',(65.5349355993315,36.5226022238895,-3.5));
#3399=CARTESIAN_POINT('',(65.5349355993315,36.5226022238895,-2.));
#3400=CARTESIAN_POINT('Origin',(65.3439966650327,36.5399960592422,-2.));
#3401=CARTESIAN_POINT('',(66.1999972164631,35.0000005215406,-2.));
#3402=CARTESIAN_POINT('',(64.1999985650182,35.1999992132187,-2.));
#3403=CARTESIAN_POINT('Origin',(65.3439966650327,36.5399960592422,-2.));
#3404=CARTESIAN_POINT('',(64.1999985650182,35.1999992132187,-3.5));
#3405=CARTESIAN_POINT('',(64.1999985650182,35.1999992132187,-2.));
#3406=CARTESIAN_POINT('',(66.1999972164631,35.0000005215406,-3.5));
#3407=CARTESIAN_POINT('Origin',(65.3439966650327,36.5399960592422,-3.5));
#3408=CARTESIAN_POINT('',(66.1999972164631,35.0000005215406,-2.));
#3409=CARTESIAN_POINT('Origin',(65.7999985292554,35.3999992087483,-2.));
#3410=CARTESIAN_POINT('',(65.7999985292554,35.3999992087483,-2.));
#3411=CARTESIAN_POINT('',(65.7999985292554,35.3999992087483,-2.));
#3412=CARTESIAN_POINT('',(65.7999985292554,35.3999992087483,-3.5));
#3413=CARTESIAN_POINT('',(65.7999985292554,35.3999992087483,-3.5));
#3414=CARTESIAN_POINT('',(65.7999985292554,35.3999992087483,-2.));
#3415=CARTESIAN_POINT('Origin',(64.1999985650182,35.1999992132187,-2.));
#3416=CARTESIAN_POINT('',(64.7879860494107,35.5367160221693,-2.));
#3417=CARTESIAN_POINT('',(64.7879860494107,35.5367160221693,-2.));
#3418=CARTESIAN_POINT('',(64.7879860494107,35.5367160221693,-3.5));
#3419=CARTESIAN_POINT('',(64.7879860494107,35.5367160221693,-2.));
#3420=CARTESIAN_POINT('',(64.7879860494107,35.5367160221693,-3.5));
#3421=CARTESIAN_POINT('Origin',(64.9054039546565,34.6648640900448,-2.));
#3422=CARTESIAN_POINT('',(66.1999985203147,34.8999992199242,-2.));
#3423=CARTESIAN_POINT('',(63.5999985784292,34.4999992288649,-2.));
#3424=CARTESIAN_POINT('Origin',(64.9054039546565,34.6648640900448,-2.));
#3425=CARTESIAN_POINT('',(63.5999985784292,34.4999992288649,-3.5));
#3426=CARTESIAN_POINT('',(63.5999985784292,34.4999992288649,-2.));
#3427=CARTESIAN_POINT('',(66.1999985203147,34.8999992199242,-3.5));
#3428=CARTESIAN_POINT('Origin',(64.9054039546565,34.6648640900448,-3.5));
#3429=CARTESIAN_POINT('',(66.1999985203147,34.8999992199242,-2.));
#3430=CARTESIAN_POINT('Origin',(65.1973823202965,35.7026154244127,-2.));
#3431=CARTESIAN_POINT('',(64.1186904407911,35.0055818202476,-2.));
#3432=CARTESIAN_POINT('Origin',(65.1973823202965,35.7026154244127,-2.));
#3433=CARTESIAN_POINT('',(64.1186904407911,35.0055818202476,-3.5));
#3434=CARTESIAN_POINT('Origin',(65.1973823202965,35.7026154244127,-3.5));
#3435=CARTESIAN_POINT('',(64.1186904407911,35.0055818202476,-2.));
#3436=CARTESIAN_POINT('Origin',(64.2258932898876,34.749999223277,-2.));
#3437=CARTESIAN_POINT('',(64.4939923072144,35.368357617694,-2.));
#3438=CARTESIAN_POINT('Origin',(64.2258932898876,34.749999223277,-2.));
#3439=CARTESIAN_POINT('',(64.4939923072144,35.368357617694,-3.5));
#3440=CARTESIAN_POINT('',(64.4939923072144,35.368357617694,-2.));
#3441=CARTESIAN_POINT('Origin',(64.2258932898876,34.749999223277,-3.5));
#3442=CARTESIAN_POINT('Origin',(65.1722173010893,35.006133768142,-2.));
#3443=CARTESIAN_POINT('',(66.0000412878875,34.7000334586899,-2.));
#3444=CARTESIAN_POINT('',(64.3244609689935,34.7605749076691,-2.));
#3445=CARTESIAN_POINT('Origin',(65.1722173010893,35.006133768142,-2.));
#3446=CARTESIAN_POINT('',(64.3244609689935,34.7605749076691,-3.5));
#3447=CARTESIAN_POINT('',(64.3244609689935,34.7605749076691,-2.));
#3448=CARTESIAN_POINT('',(66.0000412878875,34.7000334586899,-3.5));
#3449=CARTESIAN_POINT('Origin',(65.1722173010893,35.006133768142,-3.5));
#3450=CARTESIAN_POINT('',(66.0000412878875,34.7000334586899,-2.));
#3451=CARTESIAN_POINT('Origin',(66.0888032849492,32.8209263457722,-2.));
#3452=CARTESIAN_POINT('',(66.0888032849492,32.8209263457722,-2.));
#3453=CARTESIAN_POINT('',(66.4999985136092,29.6999993361533,-2.));
#3454=CARTESIAN_POINT('',(66.0888032849492,32.8209263457722,-2.));
#3455=CARTESIAN_POINT('',(66.4999985136092,29.6999993361533,-3.5));
#3456=CARTESIAN_POINT('',(66.4999985136092,29.6999993361533,-2.));
#3457=CARTESIAN_POINT('',(66.0888032849492,32.8209263457722,-3.5));
#3458=CARTESIAN_POINT('',(66.0888032849492,32.8209263457722,-3.5));
#3459=CARTESIAN_POINT('',(66.0888032849492,32.8209263457722,-2.));
#3460=CARTESIAN_POINT('Origin',(66.1776080451134,30.2849397372878,-2.));
#3461=CARTESIAN_POINT('',(66.1776080451134,30.2849397372878,-2.));
#3462=CARTESIAN_POINT('',(66.1776080451134,30.2849397372878,-2.));
#3463=CARTESIAN_POINT('',(66.1776080451134,30.2849397372878,-3.5));
#3464=CARTESIAN_POINT('',(66.1776080451134,30.2849397372878,-3.5));
#3465=CARTESIAN_POINT('',(66.1776080451134,30.2849397372878,-2.));
#3466=CARTESIAN_POINT('Origin',(65.999998524785,29.6999993361533,-2.));
#3467=CARTESIAN_POINT('',(65.999998524785,29.6999993361533,-2.));
#3468=CARTESIAN_POINT('',(65.999998524785,29.6999993361533,-2.));
#3469=CARTESIAN_POINT('',(65.999998524785,29.6999993361533,-3.5));
#3470=CARTESIAN_POINT('',(65.999998524785,29.6999993361533,-3.5));
#3471=CARTESIAN_POINT('',(65.999998524785,29.6999993361533,-2.));
#3472=CARTESIAN_POINT('Origin',(65.957799028303,29.5094307619738,-2.));
#3473=CARTESIAN_POINT('',(65.957799028303,29.5094307619738,-2.));
#3474=CARTESIAN_POINT('',(65.957799028303,29.5094307619738,-2.));
#3475=CARTESIAN_POINT('',(65.957799028303,29.5094307619738,-3.5));
#3476=CARTESIAN_POINT('',(65.957799028303,29.5094307619738,-3.5));
#3477=CARTESIAN_POINT('',(65.957799028303,29.5094307619738,-2.));
#3478=CARTESIAN_POINT('Origin',(66.2582638443765,29.3188621877943,-2.));
#3479=CARTESIAN_POINT('',(66.2582638443765,29.3188621877943,-2.));
#3480=CARTESIAN_POINT('',(66.2582638443765,29.3188621877943,-2.));
#3481=CARTESIAN_POINT('',(66.2582638443765,29.3188621877943,-3.5));
#3482=CARTESIAN_POINT('',(66.2582638443765,29.3188621877943,-3.5));
#3483=CARTESIAN_POINT('',(66.2582638443765,29.3188621877943,-2.));
#3484=CARTESIAN_POINT('Origin',(66.4999985136092,29.6999993361533,-2.));
#3485=CARTESIAN_POINT('',(66.4999985136092,29.6999993361533,-2.));
#3486=CARTESIAN_POINT('',(66.4999985136092,29.6999993361533,-3.5));
#3487=CARTESIAN_POINT('Origin',(63.2999985851347,31.6999992914498,-2.));
#3488=CARTESIAN_POINT('',(63.2999985851347,31.6999992914498,-2.));
#3489=CARTESIAN_POINT('',(63.5999985784292,33.0999992601573,-2.));
#3490=CARTESIAN_POINT('',(63.2999985851347,31.6999992914498,-2.));
#3491=CARTESIAN_POINT('',(63.5999985784292,33.0999992601573,-3.5));
#3492=CARTESIAN_POINT('',(63.5999985784292,33.0999992601573,-2.));
#3493=CARTESIAN_POINT('',(63.2999985851347,31.6999992914498,-3.5));
#3494=CARTESIAN_POINT('',(63.2999985851347,31.6999992914498,-3.5));
#3495=CARTESIAN_POINT('',(63.2999985851347,31.6999992914498,-2.));
#3496=CARTESIAN_POINT('Origin',(63.5999985784292,30.399999320507,-2.));
#3497=CARTESIAN_POINT('',(63.5999985784292,30.399999320507,-2.));
#3498=CARTESIAN_POINT('',(63.5999985784292,30.399999320507,-2.));
#3499=CARTESIAN_POINT('',(63.5999985784292,30.399999320507,-3.5));
#3500=CARTESIAN_POINT('',(63.5999985784292,30.399999320507,-3.5));
#3501=CARTESIAN_POINT('',(63.5999985784292,30.399999320507,-2.));
#3502=CARTESIAN_POINT('Origin',(63.9999985694885,29.5999993383884,-2.));
#3503=CARTESIAN_POINT('',(63.9999985694885,29.5999993383884,-2.));
#3504=CARTESIAN_POINT('',(63.9999985694885,29.5999993383884,-2.));
#3505=CARTESIAN_POINT('',(63.9999985694885,29.5999993383884,-3.5));
#3506=CARTESIAN_POINT('',(63.9999985694885,29.5999993383884,-3.5));
#3507=CARTESIAN_POINT('',(63.9999985694885,29.5999993383884,-2.));
#3508=CARTESIAN_POINT('Origin',(63.699998576194,29.8999993316829,-2.));
#3509=CARTESIAN_POINT('',(63.699998576194,29.8999993316829,-2.));
#3510=CARTESIAN_POINT('',(63.9999985694885,29.5999993383884,-2.));
#3511=CARTESIAN_POINT('',(63.699998576194,29.8999993316829,-3.5));
#3512=CARTESIAN_POINT('',(63.9999985694885,29.5999993383884,-3.5));
#3513=CARTESIAN_POINT('',(63.699998576194,29.8999993316829,-2.));
#3514=CARTESIAN_POINT('Origin',(63.5999985784292,29.7999993339181,-2.));
#3515=CARTESIAN_POINT('',(63.5999985784292,29.7999993339181,-2.));
#3516=CARTESIAN_POINT('',(63.699998576194,29.8999993316829,-2.));
#3517=CARTESIAN_POINT('',(63.5999985784292,29.7999993339181,-3.5));
#3518=CARTESIAN_POINT('',(63.699998576194,29.8999993316829,-3.5));
#3519=CARTESIAN_POINT('',(63.5999985784292,29.7999993339181,-2.));
#3520=CARTESIAN_POINT('Origin',(63.6499985773116,29.6997334690094,-2.));
#3521=CARTESIAN_POINT('',(63.6499985773116,29.6997334690094,-2.));
#3522=CARTESIAN_POINT('',(63.5999985784292,29.7999993339181,-2.));
#3523=CARTESIAN_POINT('',(63.6499985773116,29.6997334690094,-3.5));
#3524=CARTESIAN_POINT('',(63.5999985784292,29.7999993339181,-3.5));
#3525=CARTESIAN_POINT('',(63.6499985773116,29.6997334690094,-2.));
#3526=CARTESIAN_POINT('Origin',(63.9999985694885,29.1999993473291,-2.));
#3527=CARTESIAN_POINT('',(63.9999985694885,29.1999993473291,-2.));
#3528=CARTESIAN_POINT('',(63.6499985773116,29.6997334690094,-2.));
#3529=CARTESIAN_POINT('',(63.9999985694885,29.1999993473291,-3.5));
#3530=CARTESIAN_POINT('',(63.6499985773116,29.6997334690094,-3.5));
#3531=CARTESIAN_POINT('',(63.9999985694885,29.1999993473291,-2.));
#3532=CARTESIAN_POINT('Origin',(63.8499985728413,29.0949434878722,-2.));
#3533=CARTESIAN_POINT('',(63.8499985728413,29.0949434878722,-2.));
#3534=CARTESIAN_POINT('',(63.9999985694885,29.1999993473291,-2.));
#3535=CARTESIAN_POINT('',(63.8499985728413,29.0949434878722,-3.5));
#3536=CARTESIAN_POINT('',(63.9999985694885,29.1999993473291,-3.5));
#3537=CARTESIAN_POINT('',(63.8499985728413,29.0949434878722,-2.));
#3538=CARTESIAN_POINT('Origin',(66.0000009834766,29.0000004321337,-2.));
#3539=CARTESIAN_POINT('',(66.0000009834766,29.0000004321337,-2.));
#3540=CARTESIAN_POINT('',(63.8499985728413,29.0949434878722,-2.));
#3541=CARTESIAN_POINT('',(66.0000009834766,29.0000004321337,-3.5));
#3542=CARTESIAN_POINT('',(63.8499985728413,29.0949434878722,-3.5));
#3543=CARTESIAN_POINT('',(66.0000009834766,29.0000004321337,-2.));
#3544=CARTESIAN_POINT('Origin',(63.3573934173576,33.0243211278182,-2.));
#3545=CARTESIAN_POINT('',(63.114788256286,33.0999992601573,-2.));
#3546=CARTESIAN_POINT('Origin',(63.3573934173576,33.0243211278182,-2.));
#3547=CARTESIAN_POINT('',(63.114788256286,33.0999992601573,-3.5));
#3548=CARTESIAN_POINT('',(63.114788256286,33.0999992601573,-2.));
#3549=CARTESIAN_POINT('Origin',(63.3573934173576,33.0243211278182,-3.5));
#3550=CARTESIAN_POINT('Origin',(63.5173506127458,30.7581405051354,-2.));
#3551=CARTESIAN_POINT('',(63.4727005737175,31.7032006657497,-2.));
#3552=CARTESIAN_POINT('',(63.5173506127458,30.7581405051354,-2.));
#3553=CARTESIAN_POINT('',(63.4727005737175,31.7032006657497,-2.));
#3554=CARTESIAN_POINT('',(63.4727005737175,31.7032006657497,-3.5));
#3555=CARTESIAN_POINT('',(63.4727005737175,31.7032006657497,-2.));
#3556=CARTESIAN_POINT('',(63.5173506127458,30.7581405051354,-3.5));
#3557=CARTESIAN_POINT('',(63.4727005737175,31.7032006657497,-3.5));
#3558=CARTESIAN_POINT('',(63.5173506127458,30.7581405051354,-2.));
#3559=CARTESIAN_POINT('Origin',(63.4727005737175,31.7032006657497,-2.));
#3560=CARTESIAN_POINT('',(63.5173506127458,32.7143087536345,-2.));
#3561=CARTESIAN_POINT('',(63.5173506127458,32.7143087536345,-2.));
#3562=CARTESIAN_POINT('',(63.5173506127458,32.7143087536345,-3.5));
#3563=CARTESIAN_POINT('',(63.5173506127458,32.7143087536345,-2.));
#3564=CARTESIAN_POINT('',(63.5173506127458,32.7143087536345,-3.5));
#3565=CARTESIAN_POINT('Origin',(63.8499985728413,29.0949434878722,-2.));
#3566=CARTESIAN_POINT('',(63.8499985728413,29.0949434878722,-2.));
#3567=CARTESIAN_POINT('',(63.2348924972649,29.7689132934634,-2.));
#3568=CARTESIAN_POINT('',(63.8499985728413,29.0949434878722,-2.));
#3569=CARTESIAN_POINT('',(63.2348924972649,29.7689132934634,-3.5));
#3570=CARTESIAN_POINT('',(63.2348924972649,29.7689132934634,-2.));
#3571=CARTESIAN_POINT('',(63.8499985728413,29.0949434878722,-3.5));
#3572=CARTESIAN_POINT('',(63.8499985728413,29.0949434878722,-3.5));
#3573=CARTESIAN_POINT('',(63.8499985728413,29.0949434878722,-2.));
#3574=CARTESIAN_POINT('Origin',(16.0000005215406,21.0000003129244,0.));
#3575=CARTESIAN_POINT('',(35.0000005215406,21.0000003129244,0.));
#3576=CARTESIAN_POINT('',(16.0000005215406,21.0000003129244,0.));
#3577=CARTESIAN_POINT('',(35.0000005215406,21.0000003129244,0.));
#3578=CARTESIAN_POINT('',(35.0000005215406,21.0000003129244,-3.));
#3579=CARTESIAN_POINT('',(35.0000005215406,21.0000003129244,0.));
#3580=CARTESIAN_POINT('',(16.0000005215406,21.0000003129244,-3.));
#3581=CARTESIAN_POINT('',(35.0000005215406,21.0000003129244,-3.));
#3582=CARTESIAN_POINT('',(16.0000005215406,21.0000003129244,0.));
#3583=CARTESIAN_POINT('Origin',(16.0000005215406,40.0000003129244,0.));
#3584=CARTESIAN_POINT('',(16.0000005215406,40.0000003129244,0.));
#3585=CARTESIAN_POINT('',(16.0000005215406,21.0000003129244,0.));
#3586=CARTESIAN_POINT('',(16.0000005215406,40.0000003129244,-3.));
#3587=CARTESIAN_POINT('',(16.0000005215406,21.0000003129244,-3.));
#3588=CARTESIAN_POINT('',(16.0000005215406,40.0000003129244,0.));
#3589=CARTESIAN_POINT('Origin',(35.0000005215406,40.0000005960464,0.));
#3590=CARTESIAN_POINT('',(35.0000005215406,40.0000005960464,0.));
#3591=CARTESIAN_POINT('',(35.0000005215406,40.0000005960464,0.));
#3592=CARTESIAN_POINT('',(35.0000005215406,40.0000005960464,-3.));
#3593=CARTESIAN_POINT('',(35.0000005215406,40.0000005960464,-3.));
#3594=CARTESIAN_POINT('',(35.0000005215406,40.0000005960464,0.));
#3595=CARTESIAN_POINT('Origin',(35.0000005215406,21.0000003129244,0.));
#3596=CARTESIAN_POINT('',(35.0000005215406,40.0000005960464,0.));
#3597=CARTESIAN_POINT('',(35.0000005215406,40.0000005960464,-3.));
#3598=CARTESIAN_POINT('Origin',(35.5000010319054,1.84300000000007,0.));
#3599=CARTESIAN_POINT('',(54.5000010319054,1.84300000000008,0.));
#3600=CARTESIAN_POINT('',(35.5000010319054,1.84300000000007,0.));
#3601=CARTESIAN_POINT('',(35.5000010319054,1.84300000000007,0.));
#3602=CARTESIAN_POINT('',(54.5000010319054,1.84300000000008,-3.));
#3603=CARTESIAN_POINT('',(54.5000010319054,1.84300000000008,0.));
#3604=CARTESIAN_POINT('',(35.5000010319054,1.84300000000007,-3.));
#3605=CARTESIAN_POINT('',(35.5000010319054,1.84300000000007,-3.));
#3606=CARTESIAN_POINT('',(35.5000010319054,1.84300000000007,0.));
#3607=CARTESIAN_POINT('Origin',(35.5000010319054,20.8430000000001,0.));
#3608=CARTESIAN_POINT('',(35.5000010319054,20.8430000000001,0.));
#3609=CARTESIAN_POINT('',(35.5000010319054,20.8430000000001,0.));
#3610=CARTESIAN_POINT('',(35.5000010319054,20.8430000000001,-3.));
#3611=CARTESIAN_POINT('',(35.5000010319054,20.8430000000001,-3.));
#3612=CARTESIAN_POINT('',(35.5000010319054,20.8430000000001,0.));
#3613=CARTESIAN_POINT('Origin',(54.5000010319054,20.8430000000001,0.));
#3614=CARTESIAN_POINT('',(54.5000010319054,20.8430000000001,0.));
#3615=CARTESIAN_POINT('',(54.5000010319054,20.8430000000001,0.));
#3616=CARTESIAN_POINT('',(54.5000010319054,20.8430000000001,-3.));
#3617=CARTESIAN_POINT('',(54.5000010319054,20.8430000000001,-3.));
#3618=CARTESIAN_POINT('',(54.5000010319054,20.8430000000001,0.));
#3619=CARTESIAN_POINT('Origin',(54.5000010319054,1.84300000000008,0.));
#3620=CARTESIAN_POINT('',(54.5000010319054,1.84300000000008,0.));
#3621=CARTESIAN_POINT('',(54.5000010319054,1.84300000000008,-3.));
#3622=CARTESIAN_POINT('Origin',(35.0000005284063,1.84300000000002,0.));
#3623=CARTESIAN_POINT('',(35.0000005284063,20.843,0.));
#3624=CARTESIAN_POINT('',(35.0000005284063,1.84300000000002,0.));
#3625=CARTESIAN_POINT('',(35.0000005284063,20.843,0.));
#3626=CARTESIAN_POINT('',(35.0000005284063,20.843,-3.));
#3627=CARTESIAN_POINT('',(35.0000005284063,20.843,0.));
#3628=CARTESIAN_POINT('',(35.0000005284063,1.84300000000002,-3.));
#3629=CARTESIAN_POINT('',(35.0000005284063,20.843,-3.));
#3630=CARTESIAN_POINT('',(35.0000005284063,1.84300000000002,0.));
#3631=CARTESIAN_POINT('Origin',(16.0000005284063,1.84300000000001,0.));
#3632=CARTESIAN_POINT('',(16.0000005284063,1.84300000000001,0.));
#3633=CARTESIAN_POINT('',(35.0000005284063,1.84300000000002,0.));
#3634=CARTESIAN_POINT('',(16.0000005284063,1.84300000000001,-3.));
#3635=CARTESIAN_POINT('',(35.0000005284063,1.84300000000002,-3.));
#3636=CARTESIAN_POINT('',(16.0000005284063,1.84300000000001,0.));
#3637=CARTESIAN_POINT('Origin',(16.0000002452843,20.843,0.));
#3638=CARTESIAN_POINT('',(16.0000002452843,20.843,0.));
#3639=CARTESIAN_POINT('',(16.0000002452843,20.843,0.));
#3640=CARTESIAN_POINT('',(16.0000002452843,20.843,-3.));
#3641=CARTESIAN_POINT('',(16.0000002452843,20.843,-3.));
#3642=CARTESIAN_POINT('',(16.0000002452843,20.843,0.));
#3643=CARTESIAN_POINT('Origin',(35.0000005284063,20.843,0.));
#3644=CARTESIAN_POINT('',(35.0000005284063,20.843,0.));
#3645=CARTESIAN_POINT('',(35.0000005284063,20.843,-3.));
#3646=CARTESIAN_POINT('Origin',(55.,20.843,0.));
#3647=CARTESIAN_POINT('',(55.,1.84300000000001,0.));
#3648=CARTESIAN_POINT('',(55.,20.843,0.));
#3649=CARTESIAN_POINT('',(55.,20.843,0.));
#3650=CARTESIAN_POINT('',(55.,1.84300000000001,-3.));
#3651=CARTESIAN_POINT('',(55.,1.84300000000001,0.));
#3652=CARTESIAN_POINT('',(55.,20.843,-3.));
#3653=CARTESIAN_POINT('',(55.,20.843,-3.));
#3654=CARTESIAN_POINT('',(55.,20.843,0.));
#3655=CARTESIAN_POINT('Origin',(74.,20.843,0.));
#3656=CARTESIAN_POINT('',(74.,20.843,0.));
#3657=CARTESIAN_POINT('',(74.,20.843,0.));
#3658=CARTESIAN_POINT('',(74.,20.843,-3.));
#3659=CARTESIAN_POINT('',(74.,20.843,-3.));
#3660=CARTESIAN_POINT('',(74.,20.843,0.));
#3661=CARTESIAN_POINT('Origin',(74.,1.84300000000001,0.));
#3662=CARTESIAN_POINT('',(74.,1.84300000000001,0.));
#3663=CARTESIAN_POINT('',(74.,1.84300000000001,0.));
#3664=CARTESIAN_POINT('',(74.,1.84300000000001,-3.));
#3665=CARTESIAN_POINT('',(74.,1.84300000000001,-3.));
#3666=CARTESIAN_POINT('',(74.,1.84300000000001,0.));
#3667=CARTESIAN_POINT('Origin',(55.,1.84300000000001,0.));
#3668=CARTESIAN_POINT('',(55.,1.84300000000001,0.));
#3669=CARTESIAN_POINT('',(55.,1.84300000000001,-3.));
#3670=CARTESIAN_POINT('Origin',(15.500000230968,2.00000059604645,0.));
#3671=CARTESIAN_POINT('',(15.500000230968,37.5000005587935,0.));
#3672=CARTESIAN_POINT('',(15.500000230968,2.00000059604645,0.));
#3673=CARTESIAN_POINT('',(15.500000230968,2.00000059604645,0.));
#3674=CARTESIAN_POINT('',(15.500000230968,37.5000005587935,-3.));
#3675=CARTESIAN_POINT('',(15.500000230968,37.5000005587935,0.));
#3676=CARTESIAN_POINT('',(15.500000230968,2.00000059604645,-3.));
#3677=CARTESIAN_POINT('',(15.500000230968,2.00000059604645,-3.));
#3678=CARTESIAN_POINT('',(15.500000230968,2.00000059604645,0.));
#3679=CARTESIAN_POINT('Origin',(3.500000230968,2.00000059604645,0.));
#3680=CARTESIAN_POINT('',(3.500000230968,2.00000059604645,0.));
#3681=CARTESIAN_POINT('',(3.500000230968,2.00000059604645,0.));
#3682=CARTESIAN_POINT('',(3.500000230968,2.00000059604645,-3.));
#3683=CARTESIAN_POINT('',(3.500000230968,2.00000059604645,-3.));
#3684=CARTESIAN_POINT('',(3.500000230968,2.00000059604645,0.));
#3685=CARTESIAN_POINT('Origin',(3.500000230968,37.5000005587935,0.));
#3686=CARTESIAN_POINT('',(3.500000230968,37.5000005587935,0.));
#3687=CARTESIAN_POINT('',(3.500000230968,40.0000005960464,0.));
#3688=CARTESIAN_POINT('',(3.500000230968,37.5000005587935,-3.));
#3689=CARTESIAN_POINT('',(3.500000230968,40.0000005960464,-3.));
#3690=CARTESIAN_POINT('',(3.500000230968,37.5000005587935,0.));
#3691=CARTESIAN_POINT('Origin',(15.500000230968,37.5000005587935,0.));
#3692=CARTESIAN_POINT('',(15.500000230968,37.5000005587935,0.));
#3693=CARTESIAN_POINT('',(15.500000230968,37.5000005587935,-3.));
#3694=CARTESIAN_POINT('Origin',(54.5,40.0000005960465,0.));
#3695=CARTESIAN_POINT('',(35.5,40.0000005960465,0.));
#3696=CARTESIAN_POINT('',(54.5,40.0000005960465,0.));
#3697=CARTESIAN_POINT('',(35.5,40.0000005960465,0.));
#3698=CARTESIAN_POINT('',(35.5,40.0000005960465,-3.));
#3699=CARTESIAN_POINT('',(35.5,40.0000005960465,0.));
#3700=CARTESIAN_POINT('',(54.5,40.0000005960465,-3.));
#3701=CARTESIAN_POINT('',(35.5,40.0000005960465,-3.));
#3702=CARTESIAN_POINT('',(54.5,40.0000005960465,0.));
#3703=CARTESIAN_POINT('Origin',(54.5,21.0000005960465,0.));
#3704=CARTESIAN_POINT('',(54.5,21.0000005960465,0.));
#3705=CARTESIAN_POINT('',(54.5,40.0000005960465,0.));
#3706=CARTESIAN_POINT('',(54.5,21.0000005960465,-3.));
#3707=CARTESIAN_POINT('',(54.5,40.0000005960465,-3.));
#3708=CARTESIAN_POINT('',(54.5,21.0000005960465,0.));
#3709=CARTESIAN_POINT('Origin',(35.5,21.0000005960464,0.));
#3710=CARTESIAN_POINT('',(35.5,21.0000005960464,0.));
#3711=CARTESIAN_POINT('',(54.5,21.0000005960465,0.));
#3712=CARTESIAN_POINT('',(35.5,21.0000005960464,-3.));
#3713=CARTESIAN_POINT('',(54.5,21.0000005960465,-3.));
#3714=CARTESIAN_POINT('',(35.5,21.0000005960464,0.));
#3715=CARTESIAN_POINT('Origin',(35.5,40.0000005960465,0.));
#3716=CARTESIAN_POINT('',(35.5,21.0000005960464,0.));
#3717=CARTESIAN_POINT('',(35.5,21.0000005960464,-3.));
#3718=CARTESIAN_POINT('Origin',(77.,0.,0.));
#3719=CARTESIAN_POINT('',(0.,0.,0.));
#3720=CARTESIAN_POINT('',(77.,0.,0.));
#3721=CARTESIAN_POINT('',(0.,0.,0.));
#3722=CARTESIAN_POINT('',(0.,0.,-3.));
#3723=CARTESIAN_POINT('',(0.,0.,0.));
#3724=CARTESIAN_POINT('',(77.,0.,-3.));
#3725=CARTESIAN_POINT('',(0.,0.,-3.));
#3726=CARTESIAN_POINT('',(77.,0.,0.));
#3727=CARTESIAN_POINT('Origin',(77.,45.,0.));
#3728=CARTESIAN_POINT('',(77.,45.,0.));
#3729=CARTESIAN_POINT('',(77.,0.,0.));
#3730=CARTESIAN_POINT('',(77.,45.,-3.));
#3731=CARTESIAN_POINT('',(77.,0.,-3.));
#3732=CARTESIAN_POINT('',(77.,45.,0.));
#3733=CARTESIAN_POINT('Origin',(0.,45.,0.));
#3734=CARTESIAN_POINT('',(0.,45.,0.));
#3735=CARTESIAN_POINT('',(77.,45.,0.));
#3736=CARTESIAN_POINT('',(0.,45.,-3.));
#3737=CARTESIAN_POINT('',(77.,45.,-3.));
#3738=CARTESIAN_POINT('',(0.,45.,0.));
#3739=CARTESIAN_POINT('Origin',(0.,0.,0.));
#3740=CARTESIAN_POINT('',(0.,45.,0.));
#3741=CARTESIAN_POINT('',(0.,45.,-3.));
#3742=CARTESIAN_POINT('Origin',(38.5,22.5,0.));
#3743=CARTESIAN_POINT('Origin',(38.5,22.5,-3.));
#3744=CARTESIAN_POINT('',(0.,0.,0.));
#3745=UNCERTAINTY_MEASURE_WITH_UNIT(LENGTH_MEASURE(0.01),#3751,
'DISTANCE_ACCURACY_VALUE',
'Maximum model space distance between geometric entities at asserted c
onnectivities');
#3746=UNCERTAINTY_MEASURE_WITH_UNIT(LENGTH_MEASURE(0.01),#3751,
'DISTANCE_ACCURACY_VALUE',
'Maximum model space distance between geometric entities at asserted c
onnectivities');
#3747=UNCERTAINTY_MEASURE_WITH_UNIT(LENGTH_MEASURE(0.01),#3751,
'DISTANCE_ACCURACY_VALUE',
'Maximum model space distance between geometric entities at asserted c
onnectivities');
#3748=(
GEOMETRIC_REPRESENTATION_CONTEXT(3)
GLOBAL_UNCERTAINTY_ASSIGNED_CONTEXT((#3745))
GLOBAL_UNIT_ASSIGNED_CONTEXT((#3751,#3753,#3754))
REPRESENTATION_CONTEXT('','3D')
);
#3749=(
GEOMETRIC_REPRESENTATION_CONTEXT(3)
GLOBAL_UNCERTAINTY_ASSIGNED_CONTEXT((#3746))
GLOBAL_UNIT_ASSIGNED_CONTEXT((#3751,#3753,#3754))
REPRESENTATION_CONTEXT('','3D')
);
#3750=(
GEOMETRIC_REPRESENTATION_CONTEXT(3)
GLOBAL_UNCERTAINTY_ASSIGNED_CONTEXT((#3747))
GLOBAL_UNIT_ASSIGNED_CONTEXT((#3751,#3753,#3754))
REPRESENTATION_CONTEXT('','3D')
);
#3751=(
LENGTH_UNIT()
NAMED_UNIT(*)
SI_UNIT(.MILLI.,.METRE.)
);
#3752=(
LENGTH_UNIT()
NAMED_UNIT(*)
SI_UNIT($,.METRE.)
);
#3753=(
NAMED_UNIT(*)
PLANE_ANGLE_UNIT()
SI_UNIT($,.RADIAN.)
);
#3754=(
NAMED_UNIT(*)
SI_UNIT($,.STERADIAN.)
SOLID_ANGLE_UNIT()
);
#3755=SHAPE_DEFINITION_REPRESENTATION(#3757,#3760);
#3756=SHAPE_DEFINITION_REPRESENTATION(#3758,#3761);
#3757=PRODUCT_DEFINITION_SHAPE('',$,#3763);
#3758=PRODUCT_DEFINITION_SHAPE('',$,#3764);
#3759=PRODUCT_DEFINITION_SHAPE($,$,#16);
#3760=SHAPE_REPRESENTATION('',(#2277,#2433),#3748);
#3761=SHAPE_REPRESENTATION('',(#2278,#2247,#2248,#2249,#2250,#2251,#2252,
#2253,#2254,#2255,#2256,#2257,#2258,#2259,#2260,#2261,#2262,#2263,#2264),
#3749);
#3762=PRODUCT_DEFINITION_CONTEXT('part definition',#3770,'design');
#3763=PRODUCT_DEFINITION('2026-08-16-14-03-16-336','base top',#3765,#3762);
#3764=PRODUCT_DEFINITION('2026-08-16-17-12-18-206','Component2',#3766,#3762);
#3765=PRODUCT_DEFINITION_FORMATION('',$,#3772);
#3766=PRODUCT_DEFINITION_FORMATION('',$,#3773);
#3767=PRODUCT_RELATED_PRODUCT_CATEGORY('base top','base top',(#3772));
#3768=PRODUCT_RELATED_PRODUCT_CATEGORY('Component2','Component2',(#3773));
#3769=APPLICATION_PROTOCOL_DEFINITION('international standard',
'automotive_design',2009,#3770);
#3770=APPLICATION_CONTEXT(
'Core Data for Automotive Mechanical Design Process');
#3771=PRODUCT_CONTEXT('part definition',#3770,'mechanical');
#3772=PRODUCT('2026-08-16-14-03-16-336','base top',$,(#3771));
#3773=PRODUCT('2026-08-16-17-12-18-206','Component2',$,(#3771));
#3774=PRESENTATION_STYLE_ASSIGNMENT((#3775));
#3775=SURFACE_STYLE_USAGE(.BOTH.,#3776);
#3776=SURFACE_SIDE_STYLE('',(#3777));
#3777=SURFACE_STYLE_FILL_AREA(#3778);
#3778=FILL_AREA_STYLE('Steel - Satin',(#3779));
#3779=FILL_AREA_STYLE_COLOUR('Steel - Satin',#3780);
#3780=COLOUR_RGB('Steel - Satin',0.627450980392157,0.627450980392157,0.627450980392157);
ENDSEC;
END-ISO-10303-21;
